sample,snp1,snp2,snp3,snp4,snp5,snp6,snp7,snp8,snp9,snp10,snp11,snp12,snp13,snp14,snp15,snp16,snp17,snp18,snp19,snp20,snp21,snp22,snp23,snp24,snp25,snp26,snp27,snp28,snp29,snp30,snp31,snp32,snp33,snp34,snp35,snp36,snp37,snp38,snp39,snp40,snp41,snp42,snp43,snp44,snp45,snp46,snp47,snp48
Si_102,0,0,0,0,0,0,0,0,0,0,0,0,0,0,0,0,0,0,0,0,0,0,0,0,0,0,0,0,0,0,0,0,0,0,0,0,0,0,0,0,0,0,0,0,0,0,0,0
Si_105,0,0,0,0,0,0,1,1,0,2,0,0,0,0,2,2,0,0,0,2,2,0,0,0,0,2,2,0,2,0,0,2,2,0,0,0,0,0,0,0,2,0,0,2,0,0,0,0
Si_106,0,0,0,0,0,0,0,0,0,0,0,0,0,0,0,0,0,0,0,0,0,0,0,2,0,0,0,0,0,2,1,0,0,0,2,0,2,2,2,2,0,0,0,0,0,0,0,0
Si_108,0,0,0,0,0,0,1,1,2,2,0,0,0,0,2,2,0,0,0,2,2,0,0,0,0,2,2,0,2,0,0,2,2,0,0,0,0,0,0,0,2,0,0,2,0,2,0,0
Si_109,0,2,2,0,0,0,1,1,0,0,0,0,0,0,0,0,0,0,0,0,0,0,0,0,0,0,0,0,0,0,0,0,0,0,0,0,0,0,0,0,0,0,0,0,0,0,0,0
Si_113,0,0,0,0,0,0,0,0,0,2,0,0,0,0,2,2,0,0,0,2,2,0,0,0,0,2,2,0,2,0,0,2,2,0,0,0,0,0,0,0,2,0,0,2,0,0,0,0
Si_127,0,NA,NA,0,0,0,0,0,0,0,0,2,0,0,0,0,0,0,0,0,0,2,0,0,0,0,0,0,0,0,1,0,0,0,0,0,0,0,0,0,0,2,0,0,0,0,0,0
Si_129,0,2,2,0,0,0,0,0,0,2,0,0,0,0,2,2,0,0,0,2,2,0,0,0,0,2,2,0,2,0,NA,2,2,0,0,0,0,0,0,0,2,0,0,2,0,0,0,0
Si_132,0,0,0,0,0,0,0,0,2,2,0,0,0,0,2,2,0,0,0,0,2,2,0,0,0,2,0,0,2,0,1,2,2,0,0,0,0,0,0,0,2,2,0,0,0,0,0,0
Si_134,0,0,0,0,0,0,0,0,0,2,0,0,0,0,2,2,0,0,0,2,2,0,0,0,0,2,2,0,2,0,0,2,2,0,0,0,0,0,0,0,2,0,0,2,0,2,0,0
Si_137,0,NA,NA,0,0,0,0,0,0,0,0,2,0,0,0,0,0,0,0,0,0,0,0,0,0,0,0,0,0,0,0,0,0,0,0,0,0,0,0,0,0,2,0,0,0,0,0,0
Si_139,0,2,2,0,0,0,0,0,0,2,0,0,0,0,2,2,0,0,0,2,2,0,0,0,0,2,2,0,2,0,0,2,2,0,0,0,0,0,0,0,2,0,0,2,0,0,0,0
Si_141,0,0,0,0,0,0,0,0,0,0,0,2,0,0,0,0,0,0,0,0,0,2,0,0,0,0,0,0,0,0,NA,0,0,0,0,0,0,0,0,0,0,2,0,0,0,0,0,0
Si_143,0,2,2,0,0,0,0,0,0,2,0,0,0,0,2,2,0,0,0,2,2,0,0,0,2,2,2,0,2,0,0,2,2,0,0,0,0,0,0,0,2,0,0,2,0,0,0,0
Si_150,0,0,0,0,0,0,0,0,0,0,0,0,0,0,0,0,0,0,0,0,0,0,0,0,0,0,0,0,0,0,2,0,0,0,0,0,0,0,0,0,0,0,0,0,0,0,0,0
Si_151,0,1,1,0,0,0,0,0,0,2,0,0,0,0,2,2,0,0,0,2,2,0,0,0,0,2,2,0,2,0,0,2,2,0,0,0,0,0,0,0,2,0,0,2,0,0,0,0
Si_153,0,0,0,0,0,0,0,0,1,0,0,0,0,0,0,0,0,0,0,0,0,0,0,0,0,0,0,0,0,0,0,0,0,0,0,0,0,0,0,0,0,0,0,0,0,0,0,0
Si_156,0,0,0,0,0,0,0,0,0,2,0,0,0,0,2,2,0,0,0,2,2,0,0,0,0,2,2,0,2,0,0,2,2,0,0,0,0,0,0,0,2,0,0,2,0,0,0,0
Si_157,0,2,2,0,0,0,0,0,2,2,0,0,0,0,2,2,0,0,0,2,2,0,0,0,0,2,2,0,2,0,0,2,2,0,0,0,0,0,0,0,2,0,0,2,0,0,0,0
Si_162,0,0,0,0,0,0,0,0,0,2,0,0,0,0,2,2,0,0,0,2,2,0,0,0,0,2,2,0,2,0,0,2,2,0,0,0,0,0,0,0,2,0,0,2,0,0,0,0
Si_163,0,0,0,0,0,0,0,0,0,2,0,0,0,0,2,2,0,0,0,2,2,0,0,0,0,2,2,0,2,0,0,2,2,0,0,0,0,0,0,0,2,0,0,2,0,0,NA,NA
Si_166,0,NA,2,0,0,0,0,0,0,2,0,0,0,0,2,2,0,0,0,2,2,0,0,0,0,2,2,0,2,0,0,2,2,0,0,0,0,0,0,0,2,0,0,2,0,0,2,2
Si_180,0,0,0,0,0,0,0,0,0,2,0,0,0,0,2,2,0,0,0,2,2,0,0,0,0,2,2,0,2,0,0,2,2,0,0,0,0,0,0,0,2,0,0,2,0,0,0,0
Si_181,0,0,0,0,0,0,1,1,0,0,0,0,0,0,0,0,0,0,0,0,0,0,0,0,0,0,0,0,0,0,0,0,0,0,0,0,0,0,0,0,0,0,0,0,0,0,0,0
Si_182,0,2,2,0,0,0,0,0,2,2,0,0,0,0,2,2,0,0,0,2,2,0,0,0,0,2,2,0,2,0,0,2,2,0,0,0,0,0,0,0,2,0,0,2,0,0,2,2
Si_183,0,2,2,0,0,0,0,0,0,0,0,0,0,0,0,0,0,0,0,0,0,0,0,0,0,0,0,0,0,0,0,0,0,0,0,0,0,0,0,0,0,0,0,0,0,0,0,0
Si_186,0,0,0,0,0,0,0,0,2,0,0,0,0,0,0,0,0,0,0,0,0,0,0,0,0,0,0,0,0,0,0,0,0,0,0,0,0,0,0,0,0,0,0,0,0,0,0,0
Si_189,0,0,0,0,0,0,0,0,0,2,0,0,0,0,2,2,0,0,0,2,2,0,0,0,0,2,2,0,2,0,NA,2,2,0,0,0,0,0,0,0,2,0,0,2,0,0,0,0
Si_195,0,2,2,0,0,0,0,0,0,0,0,0,0,0,0,0,0,0,0,0,0,0,0,0,0,0,0,0,0,0,0,0,0,0,0,0,0,0,0,0,0,0,0,0,0,0,0,0
Si_197,1,2,2,0,0,0,0,0,0,2,0,0,0,0,2,2,0,0,0,2,2,0,0,0,0,2,2,0,2,0,NA,2,2,0,0,0,0,0,0,0,2,0,0,2,0,0,0,0
Si_198,1,2,2,0,0,0,0,0,0,2,0,0,0,0,2,2,0,0,0,2,2,0,0,0,0,2,2,0,2,0,0,2,2,0,0,0,0,0,0,0,2,0,0,2,0,0,2,2
Si_200,0,2,2,0,0,0,0,0,0,2,0,0,0,0,2,2,0,0,0,2,2,0,0,0,0,2,2,0,2,0,0,2,2,0,0,0,0,0,0,0,2,0,0,2,0,0,0,0
Si_203,0,0,0,0,0,0,0,0,0,2,0,0,0,0,2,2,0,0,0,2,2,0,0,0,0,2,2,0,2,0,0,2,2,0,0,0,0,0,0,0,2,0,0,2,0,0,0,0
Si_204,0,NA,NA,0,0,0,0,0,0,2,0,0,0,0,2,2,0,0,0,2,2,0,0,0,0,2,2,0,2,0,0,2,2,0,0,0,0,0,0,0,2,0,0,2,0,0,0,0
Si_205,0,1,1,0,0,0,0,0,0,0,0,0,0,0,0,0,0,0,0,0,0,0,0,0,0,0,0,0,0,0,0,0,0,0,0,0,0,0,0,0,0,0,0,0,0,0,0,0
Si_206,0,2,2,0,1,1,0,0,2,2,0,0,0,0,2,2,0,0,0,2,2,0,0,0,0,2,2,0,2,0,0,2,2,0,0,0,0,0,0,0,2,0,0,2,0,0,2,2
Si_207,0,2,2,0,0,0,0,0,0,2,0,0,0,0,2,2,0,0,0,2,2,0,0,0,0,2,2,0,2,0,0,2,2,0,0,0,0,0,0,0,2,0,0,2,0,0,0,0
Si_208,0,0,0,0,0,0,0,0,0,2,0,0,0,0,2,2,0,0,0,2,2,0,0,0,0,2,2,0,2,0,0,2,2,0,0,0,0,0,0,0,2,0,0,2,0,0,NA,NA
Si_209,0,0,0,0,0,0,0,0,NA,0,0,0,0,2,0,0,0,0,0,0,0,0,0,0,0,0,0,0,0,0,0,0,0,0,0,0,0,0,0,0,0,0,0,0,0,0,0,0
Si_210,0,2,2,0,0,0,0,0,0,2,0,0,0,0,2,2,0,0,0,2,2,0,0,0,0,2,2,0,2,0,0,2,2,0,0,0,0,0,0,0,2,0,0,2,0,0,0,0
Si_211,0,NA,NA,0,0,0,0,0,0,2,0,0,0,0,2,2,0,0,0,2,2,0,0,0,0,2,2,0,2,0,0,2,2,0,0,0,0,0,0,0,2,0,0,2,0,0,0,0
Si_212,1,1,1,0,0,0,0,0,0,1,0,0,0,0,1,0,0,0,0,NA,NA,0,0,0,0,0,NA,0,NA,0,0,NA,1,0,0,0,0,0,0,0,1,0,0,1,0,0,0,0
Si_213,0,NA,NA,0,0,0,0,0,0,0,0,0,0,0,0,0,0,0,0,0,0,0,0,0,0,0,0,0,0,0,0,0,0,0,0,0,0,0,0,0,0,0,0,0,0,0,0,0
Si_214,0,0,0,0,0,0,0,0,2,0,0,0,0,0,0,0,0,0,0,0,0,0,0,0,0,0,0,0,0,0,0,0,0,0,0,0,0,0,0,0,0,0,0,0,0,0,0,0
Si_215,0,0,0,0,0,0,0,0,0,2,0,0,0,0,2,2,0,0,0,2,2,0,0,0,0,2,2,0,2,0,0,2,2,0,0,0,0,0,0,0,2,0,0,2,0,0,2,2
Si_217,0,0,0,0,0,0,0,0,0,2,0,0,0,0,2,2,0,0,0,2,2,0,0,0,0,2,2,0,2,0,0,2,2,0,0,0,0,0,0,0,2,0,0,2,0,0,2,2
Si_218,0,0,0,0,0,0,0,0,0,2,0,0,0,0,2,2,0,0,0,2,2,0,0,0,0,2,2,0,2,0,0,2,2,0,0,0,0,0,0,0,2,0,0,2,0,0,0,0
Si_219,0,0,0,0,0,0,0,0,0,2,0,0,0,2,2,2,0,0,0,2,2,0,0,0,0,2,2,0,2,0,2,2,2,0,0,0,0,0,0,0,2,0,0,2,0,0,1,1
Si_220,0,2,2,0,0,0,0,0,0,2,0,0,0,0,2,2,0,0,0,2,2,0,0,0,0,2,2,0,2,0,0,2,2,0,0,0,0,0,0,0,2,0,0,2,0,0,0,0
Si_223,1,0,0,0,0,0,0,0,2,0,0,0,0,2,0,0,0,0,0,0,0,0,0,0,0,0,0,0,0,0,2,0,0,0,0,0,0,0,0,0,0,0,0,0,0,0,0,0
Si_225,0,NA,NA,0,0,0,0,0,0,0,0,0,0,2,0,0,0,0,0,0,0,0,0,0,0,0,0,0,0,0,0,0,0,0,0,0,0,0,0,0,0,0,0,0,0,0,0,0
Si_226,0,0,0,0,0,0,0,0,2,0,0,0,0,2,0,0,0,0,0,0,0,0,0,2,0,0,0,0,0,2,2,0,0,0,2,0,2,2,2,2,0,0,0,0,0,2,0,0
Si_228,0,2,2,0,0,0,0,0,0,2,0,0,0,0,2,2,0,0,0,2,2,0,0,0,0,2,2,0,2,0,0,2,NA,0,0,0,0,0,0,0,2,0,0,NA,0,NA,0,0
Si_231,1,0,0,0,0,0,0,0,0,0,0,0,0,0,0,0,0,0,0,0,0,0,0,0,0,0,0,0,0,0,0,0,0,0,0,0,0,0,0,0,0,0,0,0,0,0,0,0
Si_234,0,0,0,0,0,0,0,0,2,0,0,0,0,0,0,0,0,0,0,0,0,0,0,0,0,0,0,0,0,0,0,0,0,0,0,0,0,0,0,0,0,0,0,0,0,0,0,0
Si_236,0,0,0,0,1,1,0,0,2,0,0,0,0,2,0,0,0,0,0,0,0,0,0,0,0,0,0,0,0,0,1,0,0,0,0,0,0,0,0,0,0,0,0,0,0,0,0,0
Si_239,0,0,0,0,0,0,0,0,0,2,0,0,0,0,2,2,0,0,0,2,2,0,0,0,0,2,2,0,2,0,0,2,2,0,0,0,0,0,0,0,2,0,0,2,0,0,2,2
Si_240,0,2,2,0,0,0,0,0,0,2,0,0,0,0,2,2,0,0,0,2,2,0,0,0,0,2,2,0,2,0,0,2,2,0,0,0,0,0,0,0,2,0,0,2,0,0,0,0
Si_242,0,0,0,0,0,0,0,0,0,0,0,0,0,2,0,0,0,0,0,0,0,0,0,0,0,0,0,0,0,0,1,0,0,0,0,0,0,0,0,0,0,0,0,0,0,0,0,0
Si_245,0,0,0,0,0,0,1,1,0,2,0,0,0,0,2,2,0,0,0,2,2,0,0,0,0,2,2,0,2,0,1,2,2,0,0,0,0,0,0,0,2,0,0,2,0,0,2,2
Si_246,0,0,0,0,0,0,1,1,0,2,0,0,0,0,2,2,0,0,0,2,2,0,0,0,0,2,2,0,2,0,0,2,2,0,0,0,0,0,0,0,2,0,0,2,0,0,0,0
Si_248,1,0,0,0,0,0,1,1,0,0,0,0,0,0,0,0,0,0,0,0,0,0,0,0,0,0,0,0,0,0,1,0,0,0,0,0,0,0,0,0,0,0,0,0,0,2,0,0
Si_249,1,0,0,0,0,0,0,0,0,2,0,0,0,0,2,2,0,0,0,2,2,0,0,0,0,2,2,0,2,0,2,2,2,0,0,0,0,0,0,0,2,0,0,2,0,0,0,0
Si_251,0,0,0,0,0,0,0,0,0,0,0,0,0,0,0,0,0,0,0,0,0,0,0,0,0,0,0,0,0,0,0,0,0,0,0,0,0,0,0,0,0,0,0,0,0,0,0,0
Si_252,0,2,2,0,0,0,0,0,0,0,0,0,0,0,0,0,0,0,0,0,0,0,0,0,0,0,0,0,0,0,0,0,0,0,0,0,0,0,0,0,0,0,0,0,0,0,0,0
Si_253,0,0,0,0,0,0,1,1,0,2,0,0,0,0,2,2,0,0,0,2,2,0,0,0,0,2,2,0,2,0,0,2,2,0,0,0,0,0,0,0,2,0,0,2,0,0,0,0
Si_254,0,2,2,0,0,0,1,1,0,2,0,0,0,0,2,2,0,0,0,2,2,0,0,0,0,2,2,0,2,0,0,2,2,0,0,0,0,0,0,0,2,0,0,2,0,0,0,0
Si_255,1,0,0,0,0,0,0,0,2,0,0,0,0,2,0,0,0,0,0,0,0,0,0,2,0,0,0,0,0,2,0,0,0,0,2,0,2,2,2,2,0,0,0,0,0,2,0,0
Si_256,0,2,2,0,NA,NA,0,0,0,2,0,0,0,0,2,2,0,0,0,2,2,0,0,0,0,2,2,0,2,0,0,2,2,0,0,0,0,0,0,0,2,0,0,2,0,0,2,2
Si_257,0,NA,NA,0,0,0,0,0,2,0,0,0,0,0,0,0,0,0,0,0,0,0,0,0,0,0,0,0,0,0,1,0,0,0,0,0,0,0,0,0,0,0,0,0,0,NA,0,0
Si_259,0,0,0,0,0,0,0,0,NA,2,0,0,0,0,2,2,0,0,0,2,2,0,0,0,0,2,2,0,2,0,0,2,2,0,0,0,0,0,0,0,2,0,0,2,0,0,0,0
Si_260,0,0,0,0,0,0,0,0,0,2,0,0,0,0,2,2,0,0,0,2,2,0,0,0,0,2,2,0,2,0,0,2,2,0,0,0,0,0,0,0,2,0,0,2,0,NA,0,0
Si_262,1,NA,NA,0,0,0,0,0,0,2,0,0,0,0,2,2,0,0,0,2,2,0,0,0,0,2,2,0,2,0,2,2,2,0,0,0,0,0,0,0,2,0,0,2,0,0,0,0
Si_263,0,NA,NA,0,0,0,1,1,0,2,0,0,0,0,2,2,0,0,0,2,2,0,0,0,0,2,2,0,2,0,0,2,NA,0,0,0,0,0,0,0,NA,0,0,NA,0,0,0,0
Si_264,1,NA,NA,0,0,0,0,0,0,0,0,0,0,0,0,0,0,0,0,0,0,0,0,0,0,0,0,0,0,0,0,0,0,0,0,0,0,0,0,0,0,0,0,0,0,0,0,0
Si_269,0,0,0,0,0,0,0,0,2,2,0,0,0,0,2,2,0,0,0,2,2,0,NA,0,0,2,2,0,2,0,0,2,2,0,0,0,0,0,0,0,2,0,0,2,0,0,0,0
YL_10,0,0,0,0,0,0,1,1,0,0,0,0,0,0,0,0,0,0,0,0,0,0,0,0,0,0,0,0,0,0,0,0,0,0,0,0,0,0,0,0,0,2,0,0,0,0,0,0
YL_100,0,0,0,0,0,0,0,0,2,0,0,0,0,0,0,0,0,0,0,0,0,0,0,0,0,0,0,0,0,0,0,0,0,0,0,0,0,0,0,0,0,0,0,0,0,0,0,0
YL_1004,0,0,0,0,0,0,0,0,2,2,0,0,0,0,2,2,0,0,0,2,2,0,0,0,0,2,2,0,2,0,0,2,2,0,0,0,0,0,0,0,2,0,0,2,0,0,0,0
YL_1005,0,0,0,0,0,0,0,0,2,0,0,0,0,0,0,0,0,0,0,0,0,0,0,0,0,0,0,0,0,0,1,0,0,0,0,0,0,0,0,0,0,0,0,0,0,0,0,0
YL_1009,0,0,0,0,0,0,0,0,0,0,0,0,0,0,0,0,0,0,0,0,0,0,0,0,0,0,0,0,0,0,2,0,0,0,0,0,0,0,0,0,0,0,0,0,0,0,0,0
YL_1013,0,0,0,0,0,0,0,0,2,0,0,0,0,0,0,0,0,0,0,0,0,0,0,2,0,0,0,0,0,2,0,0,0,0,2,0,2,2,2,2,0,0,0,0,0,0,0,0
YL_1016,0,0,0,0,0,0,0,0,2,0,0,0,0,0,0,0,0,0,0,0,0,0,0,2,0,0,0,0,0,2,0,0,0,0,2,0,2,2,2,2,0,0,0,0,0,0,0,0
YL_1018,0,0,0,0,0,0,0,0,1,0,0,0,0,0,0,0,0,0,0,0,0,0,0,0,0,0,0,0,0,0,0,0,0,0,0,0,0,0,0,0,0,0,0,0,0,0,0,0
YL_1019,0,0,0,0,0,0,0,0,2,0,0,0,0,0,0,0,0,0,0,0,0,0,0,0,0,0,0,0,0,0,0,0,0,0,0,0,0,0,0,0,0,0,0,0,0,0,0,0
YL_102,1,0,0,0,0,0,0,0,NA,0,0,0,0,0,0,0,0,0,0,0,0,0,0,0,0,0,0,0,0,0,0,0,0,0,0,0,0,0,0,0,0,0,0,0,0,0,0,0
YL_1020,0,0,0,0,0,0,0,0,0,0,0,0,0,0,0,0,0,0,0,0,0,0,0,0,0,0,0,0,0,0,0,0,0,0,0,0,0,0,0,0,0,0,0,0,0,0,0,0
YL_1021,0,0,0,0,0,0,0,0,2,0,0,0,0,0,0,0,0,0,0,0,0,0,0,2,0,0,0,0,0,2,0,0,0,0,2,0,2,2,2,2,0,0,0,0,0,2,0,0
YL_1034,0,0,0,0,0,0,0,0,2,0,0,0,0,0,0,0,0,0,0,0,0,0,0,0,0,0,0,0,0,0,0,0,0,0,0,0,0,0,0,0,0,0,0,0,0,2,0,0
YL_1035,0,NA,NA,0,0,0,0,0,0,0,0,0,0,0,0,0,0,0,0,0,0,0,0,2,0,0,0,0,0,2,0,0,0,0,2,0,2,2,2,2,0,0,0,0,0,2,0,0
YL_1036,0,0,0,0,0,0,0,0,0,0,0,0,0,0,0,0,0,0,0,0,0,0,0,0,0,0,0,0,0,0,0,0,0,0,0,0,0,0,0,0,0,0,0,0,0,2,0,0
YL_1037,0,0,0,0,0,0,1,1,0,0,0,0,0,0,0,0,0,0,0,0,0,0,0,2,0,0,0,0,0,2,0,0,0,0,2,0,2,2,2,2,0,0,0,0,0,0,0,0
YL_1038,0,0,0,0,0,0,0,0,2,0,0,0,0,0,0,0,0,0,0,0,0,0,0,2,0,0,0,0,0,2,2,0,0,0,2,0,2,2,2,2,0,0,0,0,0,0,0,0
YL_104,1,0,0,0,0,0,0,0,0,0,0,0,0,0,0,0,0,0,0,0,0,0,0,0,0,0,0,0,0,0,0,0,0,0,0,0,0,0,0,0,0,0,0,0,0,0,0,0
YL_1044,0,0,0,0,0,0,0,0,0,0,0,0,0,0,0,0,0,0,0,0,0,0,0,0,0,0,0,0,0,0,0,0,0,0,0,0,0,0,0,0,0,0,0,0,0,0,NA,NA
YL_1045,0,0,0,0,0,0,0,0,2,0,0,0,0,0,0,0,0,0,0,0,0,0,0,2,2,0,0,0,0,2,0,0,0,0,2,0,2,2,2,2,0,0,0,0,0,0,0,0
YL_1046,0,0,0,0,0,0,0,0,0,0,0,0,0,0,0,0,0,0,0,0,0,0,0,0,0,0,0,0,0,0,0,0,0,0,0,0,0,0,0,0,0,0,0,0,0,0,0,0
YL_1047,0,0,0,0,0,0,0,0,NA,0,0,0,0,0,0,0,0,0,0,0,0,0,0,0,0,0,0,0,0,0,0,0,0,0,0,0,0,0,0,0,0,0,0,0,0,2,0,0
YL_105,0,2,2,0,0,0,0,0,0,0,0,0,0,0,0,0,0,0,0,0,0,0,0,1,0,0,0,0,0,0,0,0,0,0,0,0,0,0,0,0,0,0,0,0,0,0,0,0
YL_1050,0,0,0,0,0,0,0,0,0,0,0,0,0,0,0,0,0,0,0,0,0,0,0,2,NA,0,0,0,0,2,0,0,0,0,2,0,2,2,2,2,0,0,0,0,0,0,0,0
YL_1052,0,0,0,0,0,0,0,0,0,0,0,0,0,0,0,0,0,0,0,0,0,0,0,0,0,0,0,0,0,0,0,0,0,0,0,0,0,0,0,0,0,0,0,0,0,0,0,0
YL_1056,0,0,NA,0,0,0,0,0,2,0,0,0,0,0,0,0,0,0,0,0,0,0,0,2,0,0,0,0,0,2,1,0,0,0,2,0,2,2,2,2,0,0,0,0,0,0,0,0
YL_1057,0,0,0,0,0,0,0,0,0,0,0,0,0,0,0,0,0,0,0,0,0,0,0,0,0,0,0,0,0,0,0,0,0,0,0,0,0,0,0,0,0,0,0,0,0,0,0,0
YL_106,0,0,0,0,0,0,0,0,0,0,0,0,0,0,0,0,0,0,0,0,0,0,0,0,0,0,0,0,0,0,0,0,0,0,0,0,0,0,0,0,0,0,0,0,0,0,0,0
YL_1062,0,0,0,0,0,0,1,1,0,0,0,0,0,0,0,0,0,0,0,0,0,0,0,2,0,0,0,0,0,2,2,0,0,0,2,0,2,2,2,2,0,0,0,0,0,0,0,0
YL_1070,0,0,0,0,0,0,0,0,0,0,0,0,0,0,0,0,0,0,0,0,0,0,0,0,0,0,0,0,0,0,0,0,0,0,0,0,0,0,0,0,0,0,0,0,0,0,0,0
YL_1071,0,0,0,0,0,0,0,0,0,0,0,0,0,0,0,0,0,0,0,0,0,0,0,2,0,0,0,0,0,2,0,0,0,0,2,0,2,2,2,2,0,0,0,0,0,0,0,0
YL_1072,0,0,0,0,0,0,0,0,0,0,0,0,0,0,0,0,0,0,0,0,0,0,0,0,0,0,0,0,0,0,0,0,0,0,0,0,0,0,0,0,0,0,0,0,0,0,0,0
YL_1073,0,0,0,0,0,0,0,0,0,0,0,0,0,0,0,0,0,0,0,0,0,0,0,0,0,0,0,0,0,0,1,0,0,0,0,0,0,0,0,0,0,0,0,0,0,0,0,0
YL_1075,0,0,0,0,0,0,0,0,0,0,0,0,0,0,0,0,0,0,0,0,0,0,0,2,0,0,0,0,0,2,0,0,0,0,2,0,2,2,2,2,0,0,0,0,0,0,0,0
YL_1076,0,0,0,0,0,0,0,0,0,0,0,0,0,0,0,0,0,0,0,0,0,0,0,2,0,0,0,0,0,2,0,0,0,0,2,0,2,2,2,2,0,0,0,0,0,0,0,0
YL_1077,0,0,0,0,0,0,0,0,NA,0,0,0,0,0,0,0,0,0,0,0,0,0,0,0,0,0,0,0,0,0,0,0,0,0,0,0,0,0,0,0,0,0,0,0,0,0,0,0
YL_1078,0,0,0,0,0,0,0,0,2,0,0,0,0,0,0,0,0,0,0,0,0,0,0,0,0,0,0,0,0,0,0,0,0,0,0,0,0,0,0,0,0,0,0,0,0,0,0,0
YL_108,0,0,0,0,0,0,0,0,0,0,0,0,0,0,0,0,0,0,0,0,0,0,0,0,0,0,0,0,0,0,0,0,0,0,0,0,0,0,0,0,0,0,0,0,0,0,NA,0
YL_1080,0,2,2,0,0,0,0,0,0,0,0,0,0,0,0,0,0,0,0,0,0,0,0,0,0,0,0,0,0,0,0,0,0,0,0,0,0,0,0,0,0,0,0,0,0,NA,0,0
YL_1082,0,0,0,0,0,0,0,0,0,0,0,0,0,0,0,0,0,0,0,0,0,0,0,0,0,0,0,0,0,0,0,0,0,0,0,0,0,0,0,0,0,0,0,0,0,0,0,0
YL_1084,0,0,0,0,0,0,0,0,NA,0,0,0,0,0,0,0,0,0,0,0,0,0,0,2,0,0,0,0,0,2,0,0,0,0,2,0,2,2,2,2,0,0,0,0,0,0,0,0
YL_1086,0,0,0,0,0,0,0,0,0,0,0,0,0,0,0,0,0,0,0,0,0,0,0,2,0,0,0,0,0,2,0,0,0,0,2,0,2,2,2,2,0,0,0,0,0,0,0,0
YL_1088,0,0,0,0,0,0,0,0,0,0,0,0,0,0,0,0,0,0,0,0,0,0,0,2,0,0,0,0,0,2,0,0,0,0,2,0,2,2,2,2,0,0,0,0,0,0,0,0
YL_1090,0,2,2,0,0,0,0,0,0,0,0,0,0,0,0,0,0,0,0,0,0,0,0,0,0,0,0,0,0,0,0,0,0,0,0,0,0,0,0,0,0,0,0,0,0,NA,0,0
YL_1096,0,NA,NA,0,0,0,0,0,2,2,0,0,0,0,2,2,0,0,0,2,2,0,0,0,0,2,2,0,2,0,0,2,2,0,0,0,0,0,0,0,2,0,0,2,0,NA,0,0
YL_1098,0,2,2,0,0,0,0,0,0,2,0,0,0,0,2,2,0,0,0,2,2,0,0,0,0,2,2,0,2,0,0,2,2,0,0,0,0,0,0,0,2,0,0,2,0,0,0,0
YL_11,0,0,0,0,0,0,0,0,NA,0,0,0,0,0,0,0,0,0,0,0,0,0,0,0,0,0,0,0,0,0,0,0,0,0,0,0,0,0,0,0,0,0,0,0,0,0,0,0
YL_1100,0,0,0,0,0,0,0,0,0,2,0,0,0,0,2,2,0,0,0,2,2,0,0,0,0,2,2,0,2,0,0,2,2,0,0,0,0,0,0,0,2,0,0,2,0,0,0,0
YL_1101,0,0,0,2,0,0,0,0,0,2,0,0,0,0,2,2,0,0,0,2,2,0,NA,0,0,2,2,0,2,0,0,2,2,0,0,0,0,0,0,0,2,0,0,2,0,0,0,0
YL_1104,0,0,0,0,0,0,0,0,0,2,0,0,0,0,2,2,0,0,0,2,2,0,0,0,0,2,2,0,2,0,0,2,2,0,0,0,0,0,0,0,2,0,0,2,0,0,0,0
YL_1106,0,0,0,0,0,0,0,0,0,2,0,0,0,0,2,2,0,0,0,2,2,0,0,0,0,2,2,0,2,0,0,2,2,0,0,0,0,0,0,0,2,0,0,2,0,0,0,0
YL_1107,0,0,0,0,0,0,0,0,0,2,0,0,0,0,2,2,0,0,0,2,2,0,0,0,0,2,2,0,2,0,2,2,2,0,0,0,0,0,0,0,2,0,0,2,0,0,0,0
YL_1108,0,0,0,0,0,0,0,0,NA,1,0,0,0,0,1,1,0,0,0,1,1,0,0,2,0,1,1,0,1,2,2,1,NA,0,2,0,2,2,2,2,1,0,0,NA,0,NA,0,0
YL_1109,0,0,0,0,0,0,0,0,0,2,0,0,0,0,2,2,0,0,0,2,2,0,0,0,0,2,2,0,2,0,0,2,2,0,0,0,0,0,0,0,2,0,0,2,0,0,0,0
YL_111,0,0,0,0,0,0,0,0,0,0,0,0,0,0,0,0,0,0,0,0,0,0,0,0,0,0,0,0,0,0,0,0,0,0,0,0,0,0,0,0,0,0,0,0,0,0,0,0
YL_1112,0,0,0,0,0,0,0,0,0,2,0,0,0,0,2,2,0,0,0,2,2,0,0,0,0,2,2,0,2,0,0,2,2,0,0,0,0,0,0,0,2,0,0,2,0,0,0,0
YL_1114,0,0,0,0,0,0,0,0,0,2,0,0,0,0,2,2,0,0,0,2,2,0,0,0,0,2,2,0,2,0,0,2,2,0,0,0,0,0,0,0,2,0,0,2,0,0,0,0
YL_1115,0,0,0,0,0,0,0,0,0,2,0,0,0,0,2,2,0,0,0,2,2,0,0,0,0,2,2,0,2,0,2,2,2,0,0,0,0,0,0,0,2,0,0,2,0,0,0,0
YL_1116,0,0,0,0,0,0,0,0,0,0,0,0,0,0,0,0,0,0,0,0,0,0,0,2,0,0,0,0,0,2,0,0,0,0,2,0,2,2,2,2,0,0,0,0,0,0,0,0
YL_1117,0,0,0,0,0,0,0,0,0,2,0,0,0,0,2,2,0,0,0,2,2,0,0,0,0,2,2,0,2,0,0,2,2,0,0,0,0,0,0,0,2,0,0,2,0,0,0,0
YL_1119,0,0,0,2,0,0,0,0,0,0,0,2,0,0,0,2,0,0,0,0,2,0,2,0,2,2,2,0,0,0,0,0,0,0,0,0,0,0,0,0,0,2,2,0,0,0,0,0
YL_1120,0,NA,NA,0,0,0,0,0,0,2,0,0,0,0,2,2,0,0,0,2,2,0,0,0,0,2,2,0,2,0,0,2,2,0,0,0,0,0,0,0,2,0,0,2,0,0,0,0
YL_1122,0,NA,NA,0,0,0,0,0,0,2,0,0,0,0,2,2,0,0,0,2,2,0,0,0,0,2,2,0,2,0,0,2,2,0,0,0,0,0,0,0,2,0,0,2,0,0,0,0
YL_1123,0,0,0,0,0,0,0,0,0,2,0,0,0,0,2,2,0,0,0,2,2,0,0,0,0,2,2,0,2,0,0,2,2,0,0,0,0,0,0,0,2,0,0,2,0,0,0,0
YL_1127,0,NA,NA,0,0,0,1,1,0,2,0,0,0,0,2,2,0,0,0,2,2,0,0,0,0,2,2,0,2,0,0,2,2,0,0,NA,0,0,0,0,2,0,0,2,0,0,0,0
YL_1128,0,0,0,0,0,0,0,0,0,2,0,0,0,0,2,2,0,0,0,2,2,0,0,0,0,2,2,0,2,0,0,2,2,0,0,0,0,0,0,0,2,0,0,2,0,0,0,0
YL_1129,0,0,0,0,0,0,0,0,0,0,0,1,0,0,0,1,0,0,0,0,1,0,0,0,0,1,1,1,0,0,0,0,0,0,0,0,0,0,0,0,0,1,1,0,0,0,0,0
YL_1130,0,0,0,0,0,0,0,0,0,2,0,0,0,0,2,2,0,0,0,2,2,0,0,0,0,2,2,0,2,0,0,2,2,0,0,0,0,0,0,0,2,0,0,2,0,0,0,0
YL_1131,0,0,0,0,0,0,0,0,0,2,0,0,0,0,2,2,0,0,0,2,2,0,0,0,0,2,2,0,2,0,0,2,2,0,0,0,0,0,0,0,2,0,0,2,0,0,0,0
YL_1132,0,2,2,0,0,0,0,0,0,2,0,0,0,0,2,2,0,0,0,2,2,0,0,0,0,2,2,0,2,0,0,2,2,0,0,0,0,0,0,0,2,0,0,2,0,0,0,0
YL_1133,0,0,0,1,0,0,0,0,0,2,0,0,0,0,2,2,0,0,0,2,2,0,0,0,1,2,2,0,2,0,0,2,2,0,0,0,0,0,0,0,2,0,0,2,0,0,0,0
YL_1135,0,0,0,0,0,0,0,0,0,2,0,0,0,0,2,2,0,0,0,2,2,0,0,0,2,2,2,0,2,0,0,2,2,0,0,0,0,0,0,0,2,0,0,2,0,0,0,0
YL_1136,0,0,0,0,1,1,0,0,0,2,0,0,0,0,2,2,0,0,0,2,2,0,0,0,0,2,2,0,2,0,0,2,2,0,0,0,0,0,0,0,2,0,0,2,0,0,0,0
YL_1137,0,2,2,0,0,0,0,0,0,2,0,0,0,0,2,2,0,0,0,2,2,2,0,0,0,2,2,0,2,0,0,2,2,0,0,0,0,0,0,0,2,0,0,2,0,0,0,0
YL_1140,0,NA,NA,0,0,0,0,0,0,2,0,0,0,0,2,2,0,0,0,2,2,0,0,0,2,2,2,0,2,0,0,2,2,0,0,0,0,0,0,0,2,0,0,2,0,0,0,0
YL_1141,0,0,0,0,0,0,0,0,0,2,0,0,0,0,2,2,0,0,0,2,2,2,0,0,2,2,2,0,2,0,2,2,2,0,0,0,0,0,0,0,2,0,0,2,0,0,0,0
YL_1143,0,2,2,0,0,0,0,0,0,2,0,1,0,0,2,2,0,0,0,2,2,1,0,0,1,2,2,0,2,0,1,2,2,0,0,0,0,0,0,0,2,1,1,2,0,0,0,0
YL_1146,0,0,0,0,0,0,0,0,0,2,0,0,0,0,2,2,0,0,0,2,2,0,0,0,0,2,2,0,2,0,0,2,2,0,0,0,0,0,0,0,2,0,0,2,0,NA,0,0
YL_1147,1,0,0,0,0,0,0,0,0,2,0,0,0,0,2,2,0,0,0,2,2,2,0,0,NA,2,2,0,2,0,0,2,2,0,0,0,0,0,0,0,2,0,0,2,0,0,0,0
YL_1149,0,0,0,0,0,0,0,0,0,2,0,0,0,0,2,2,0,0,0,2,2,2,0,0,2,2,2,0,2,0,0,2,2,0,0,0,0,0,0,0,2,0,0,2,0,0,0,0
YL_1150,0,0,0,1,0,0,0,0,0,2,0,0,0,0,2,2,0,0,0,2,2,0,0,0,0,2,2,0,2,0,0,2,2,0,0,0,0,0,0,0,2,0,0,2,0,0,0,0
YL_1153,0,0,0,0,0,0,0,0,0,2,0,0,0,0,2,2,0,0,0,2,2,0,0,0,0,2,2,0,2,0,0,2,2,0,0,0,0,0,0,0,2,0,0,2,0,0,0,0
YL_1154,0,0,0,0,0,0,0,0,0,2,0,0,0,0,2,2,0,0,0,2,2,0,0,0,0,2,2,0,2,0,0,2,2,0,0,0,0,0,0,0,2,0,0,2,0,0,0,0
YL_1155,0,0,0,0,0,0,0,0,1,2,0,0,0,0,2,2,0,0,0,2,2,0,0,0,0,2,2,0,2,0,0,2,2,0,0,0,0,0,0,0,2,0,0,2,0,0,0,0
YL_1156,0,0,0,1,0,0,0,0,0,2,0,0,0,0,2,2,0,0,0,2,2,0,0,0,0,2,2,0,2,0,0,2,2,0,0,0,0,0,0,0,2,0,0,2,0,0,0,0
YL_1157,0,0,0,1,0,0,0,0,0,2,0,0,0,0,2,2,0,0,0,2,2,0,0,0,0,2,2,0,2,0,0,2,2,0,0,0,0,0,0,0,2,0,0,2,0,0,0,0
YL_116,0,2,2,0,0,0,0,0,0,1,0,0,0,0,1,1,0,0,0,1,1,0,0,0,1,1,1,0,1,0,0,1,NA,0,0,0,0,0,0,0,1,0,0,NA,0,0,0,0
YL_1160,0,0,0,0,0,0,0,0,0,2,0,0,0,0,2,2,0,0,0,2,2,0,0,0,0,2,2,0,2,0,0,2,2,0,0,0,0,0,0,0,2,0,0,2,0,0,0,0
YL_1163,0,0,0,0,0,0,0,0,0,2,0,0,0,0,2,2,0,0,0,2,2,0,0,0,0,2,2,0,2,0,0,2,2,0,0,0,0,0,0,0,2,0,0,2,0,2,2,2
YL_1164,0,0,0,0,0,0,0,0,0,2,0,0,0,0,2,2,0,0,0,2,2,0,0,0,0,2,2,0,2,0,NA,2,2,0,0,0,0,0,0,0,2,0,0,2,0,0,0,0
YL_1166,0,0,0,0,0,0,0,0,0,2,0,0,0,0,2,2,0,0,0,2,2,0,0,0,0,2,2,0,2,0,NA,2,2,0,0,0,0,0,0,0,2,0,0,2,0,0,0,0
YL_1167,0,2,2,0,0,0,0,0,0,2,0,0,0,0,2,2,0,0,0,2,2,0,0,0,0,2,2,0,2,0,0,2,2,0,0,0,0,0,0,0,2,0,0,2,0,0,0,0
YL_1169,0,2,2,0,0,0,0,0,0,2,0,0,0,0,2,2,0,0,0,2,2,0,0,0,0,2,2,0,2,0,0,2,2,0,0,2,0,0,0,0,2,0,0,2,0,0,0,0
YL_117,0,0,0,0,0,0,0,0,0,0,0,0,0,0,0,0,0,0,0,0,0,0,0,0,0,0,0,0,0,0,0,0,0,0,0,0,0,0,0,0,0,0,0,0,0,0,0,0
YL_1170,0,0,0,0,0,0,0,0,0,2,0,NA,0,0,2,2,0,0,0,2,2,0,0,0,0,2,2,0,2,0,0,2,2,0,0,0,0,0,0,0,2,2,NA,2,0,0,0,0
YL_1171,0,0,0,0,0,0,0,0,0,2,0,0,0,0,2,2,0,0,0,2,2,0,0,0,0,2,2,0,2,0,0,2,2,0,0,0,0,0,0,0,2,0,0,2,0,0,0,0
YL_1173,0,0,0,1,0,0,0,0,0,2,0,0,0,0,2,2,0,0,0,2,2,0,2,0,0,2,2,0,2,0,1,2,2,0,0,0,0,0,0,0,2,0,0,2,0,0,0,0
YL_1174,0,2,2,0,0,0,0,0,0,2,0,0,0,0,2,2,0,0,0,2,2,0,0,0,0,2,2,0,2,0,0,2,2,0,0,0,0,0,0,0,2,0,0,2,0,0,0,0
YL_1175,0,0,0,0,0,0,0,0,0,2,0,0,0,0,2,2,0,0,0,2,2,0,0,0,0,2,2,0,2,0,0,2,2,0,0,0,0,0,0,0,2,0,0,2,0,0,0,0
YL_1176,0,NA,NA,0,0,0,0,0,0,2,0,0,0,0,2,2,0,0,0,2,2,0,2,0,0,2,2,0,2,0,1,2,2,0,0,0,0,0,0,0,2,0,0,2,0,0,0,0
YL_1177,0,0,0,1,0,0,0,0,0,2,0,0,0,0,2,2,0,0,0,2,2,0,0,0,2,2,2,0,2,0,2,2,2,0,0,0,0,0,0,0,2,0,0,2,0,0,0,0
YL_1179,0,2,2,0,0,0,0,0,0,2,0,0,0,0,2,2,0,0,0,2,2,0,0,0,0,2,2,0,2,0,0,2,2,0,0,0,0,0,0,0,2,0,0,2,0,0,0,0
YL_1181,0,0,0,0,0,0,1,1,0,2,0,2,0,0,2,2,0,0,0,2,2,0,0,0,NA,2,2,0,2,0,0,2,2,0,0,0,0,0,0,0,2,2,2,2,0,0,0,0
YL_1183,0,0,0,0,0,0,0,0,0,2,0,0,0,0,2,2,0,0,0,2,2,0,0,0,0,2,2,0,2,0,0,2,2,0,0,0,0,0,0,0,2,0,0,2,0,0,0,0
YL_1185,0,0,0,0,0,0,0,0,0,2,0,NA,0,0,2,2,0,0,0,2,2,0,0,0,0,2,2,0,2,0,0,2,2,0,0,2,0,0,0,0,2,1,1,2,0,0,0,0
YL_1186,0,NA,NA,0,0,0,0,0,0,2,0,0,0,0,2,2,0,0,0,2,2,0,0,0,0,2,2,0,2,0,0,2,2,0,0,0,0,0,0,0,2,0,0,2,0,0,0,0
YL_1187,0,0,0,0,0,0,0,0,0,2,0,NA,0,0,2,2,0,0,0,2,2,0,0,0,0,2,2,0,2,0,1,2,2,0,0,NA,0,0,0,0,2,2,NA,2,0,0,0,0
YL_1188,0,0,0,NA,0,0,0,0,0,2,0,0,0,0,2,2,0,0,0,2,2,0,2,0,0,2,2,0,2,0,0,2,2,0,0,0,0,0,0,0,2,0,0,2,0,0,0,0
YL_1192,0,0,0,0,0,0,0,0,0,2,0,0,0,0,2,2,0,0,0,2,2,0,0,0,0,2,2,2,2,0,0,2,2,0,0,0,0,0,0,0,2,0,0,2,0,0,0,0
YL_1194,0,0,0,0,0,0,1,1,0,2,0,2,0,0,2,2,0,0,0,2,2,0,0,0,0,2,2,0,2,0,2,2,2,0,0,0,0,0,0,0,2,2,2,2,0,0,0,0
YL_1197,1,0,0,0,0,0,0,0,0,2,0,0,0,0,2,2,0,0,0,2,2,0,0,0,0,2,2,0,2,0,0,2,2,0,0,0,0,0,0,0,2,0,0,2,0,0,0,0
YL_12,1,0,0,0,0,0,1,1,0,0,0,0,0,0,0,0,0,0,0,0,0,0,0,0,0,0,0,0,0,0,0,0,0,0,0,0,0,0,0,0,0,0,0,0,0,0,0,0
YL_1200,0,0,0,0,0,0,0,0,0,2,0,2,0,0,2,2,0,0,0,2,2,0,0,0,0,2,2,0,2,0,0,2,2,0,0,2,0,0,0,0,2,2,2,2,0,0,0,0
YL_1201,0,0,0,0,0,0,0,0,0,2,0,0,0,0,2,2,0,0,0,2,2,0,0,0,0,2,2,0,2,0,0,2,2,0,0,0,0,0,0,0,2,0,0,2,0,0,0,0
YL_1203,0,0,0,1,0,0,0,0,0,2,0,0,0,0,2,2,0,0,0,2,2,0,1,0,0,2,2,0,2,0,1,2,2,0,0,0,0,0,0,0,2,0,0,2,0,0,0,0
YL_1204,0,0,0,0,0,0,0,0,0,2,0,0,0,0,2,2,0,0,0,2,2,0,0,0,0,2,2,0,2,0,0,2,2,0,0,0,0,0,0,0,2,0,0,2,0,0,0,0
YL_1205,0,2,2,0,0,0,0,0,0,2,0,0,0,0,2,2,0,0,0,2,2,NA,0,0,0,2,2,0,2,0,0,2,2,0,0,0,0,0,0,0,2,0,0,2,0,0,0,0
YL_1206,0,0,0,1,0,0,0,0,0,2,0,0,0,0,2,2,0,0,0,2,2,0,2,0,0,2,2,0,2,0,0,2,2,0,0,0,0,0,0,0,2,0,0,2,0,0,0,0
YL_1207,0,0,0,0,0,0,0,0,0,2,0,0,0,0,2,2,0,0,0,2,2,0,0,0,0,2,2,0,2,0,0,2,2,0,0,0,0,0,0,0,2,0,0,2,0,0,0,0
YL_1208,0,0,0,0,1,1,0,0,0,2,0,0,0,0,2,2,0,0,0,2,2,0,0,0,0,2,2,0,2,0,0,2,2,0,0,0,0,0,0,0,2,0,0,2,0,0,0,0
YL_1209,0,0,0,0,0,0,0,0,0,2,0,0,0,0,2,2,0,0,0,2,2,0,0,0,0,2,2,0,2,0,0,2,2,0,0,0,0,0,0,0,2,0,0,2,0,2,0,0
YL_121,0,0,0,0,0,0,0,0,0,0,0,0,0,0,0,0,0,0,0,0,0,0,0,0,0,0,0,0,0,0,0,0,0,0,0,0,0,0,0,0,0,0,0,0,0,0,0,0
YL_1211,0,0,0,NA,0,0,0,0,0,2,0,2,0,0,2,2,0,0,0,2,2,0,0,0,0,2,2,0,2,0,0,2,2,0,0,0,0,0,0,0,2,2,2,2,0,0,0,0
YL_1212,0,0,0,0,0,0,0,0,0,2,0,1,0,0,2,2,0,0,0,2,2,0,0,0,0,2,2,0,2,0,0,2,2,0,0,0,0,0,0,0,2,1,1,2,0,0,NA,NA
YL_1214,0,0,0,0,0,0,0,0,0,2,0,0,0,0,2,2,0,0,0,2,2,0,0,0,0,2,2,0,2,0,0,2,2,0,0,0,0,0,0,0,2,0,0,2,0,0,0,0
YL_1215,0,0,0,0,0,0,0,0,0,2,0,0,0,0,2,2,0,0,0,2,2,0,0,0,0,2,2,0,2,0,0,2,2,0,0,0,0,0,0,0,2,0,0,2,0,0,0,0
YL_1216,0,0,0,0,0,0,0,0,0,2,0,0,0,0,2,2,0,0,0,2,2,0,0,0,0,2,2,0,2,0,0,2,2,0,0,0,0,0,0,0,2,0,0,2,0,0,0,0
YL_1217,0,0,0,0,0,0,0,0,2,0,0,0,0,0,0,1,0,0,0,0,1,0,0,0,0,1,1,0,0,0,0,0,0,0,0,0,0,0,0,0,0,0,0,0,0,0,0,0
YL_1218,0,0,0,1,1,1,0,0,0,2,0,NA,0,0,2,2,0,0,0,2,2,0,1,0,0,2,2,0,2,0,0,2,2,0,0,0,0,0,0,0,2,NA,NA,2,0,0,0,0
YL_1219,0,2,2,0,0,0,1,1,0,2,0,0,0,0,2,2,0,0,0,2,2,0,0,0,0,2,2,0,2,0,2,2,2,0,0,0,0,0,0,0,2,0,0,2,0,0,0,0
YL_1220,0,2,2,0,0,0,0,0,0,2,0,0,0,0,2,2,0,0,0,2,2,0,0,0,0,2,2,0,2,0,2,2,2,0,0,0,0,0,0,0,2,0,0,2,0,0,0,0
YL_1221,0,0,0,0,0,0,0,0,0,2,0,2,0,0,2,2,0,0,0,2,2,0,0,0,NA,2,2,0,2,0,1,2,NA,0,0,0,0,0,0,0,2,2,2,NA,0,0,0,0
YL_1224,0,2,2,0,0,0,1,1,0,2,0,2,0,0,2,2,0,0,0,2,2,0,0,0,0,2,2,0,2,0,0,2,2,0,0,0,0,0,0,0,2,2,2,2,0,0,0,0
YL_1228,0,0,0,2,0,0,0,0,0,2,0,0,0,0,2,2,0,0,0,2,2,2,0,0,0,2,2,0,2,0,0,2,2,0,0,0,0,0,0,0,2,0,0,2,0,0,0,0
YL_1230,0,0,0,0,0,0,0,0,0,2,0,0,0,0,2,2,0,0,0,2,2,0,0,0,0,2,2,0,2,0,0,2,2,0,0,0,0,0,0,0,2,0,0,2,0,0,0,0
YL_1234,0,0,0,0,0,0,0,0,0,2,0,NA,0,0,2,2,0,0,0,2,2,0,0,0,0,2,2,0,2,0,2,2,2,0,0,0,0,0,0,0,2,2,NA,2,0,0,0,0
YL_1235,0,0,0,0,0,0,0,0,0,2,0,NA,0,0,2,2,0,0,0,2,2,0,0,0,0,2,2,0,2,0,0,2,2,0,0,0,0,0,0,0,2,2,NA,2,0,0,0,0
YL_1237,0,2,2,0,0,0,0,0,0,2,0,0,0,0,2,2,0,0,0,2,2,0,0,0,0,2,2,0,2,0,0,2,2,0,0,0,0,0,0,0,2,0,0,2,0,0,0,0
YL_1238,0,0,0,0,0,0,0,0,0,2,0,0,0,0,2,2,0,0,0,2,2,0,0,0,0,2,2,0,2,0,1,2,2,0,0,0,0,0,0,0,2,0,0,2,0,0,0,0
YL_1239,0,0,0,0,0,0,1,1,0,2,0,0,0,0,2,2,0,0,0,2,2,0,0,0,0,2,2,0,2,0,0,2,2,0,0,0,0,0,0,0,2,0,0,2,0,0,0,0
YL_124,0,0,0,0,0,0,0,0,0,0,0,0,0,0,0,0,0,0,0,0,0,0,0,0,0,0,0,0,0,0,0,0,0,0,0,0,0,0,0,0,0,0,0,0,0,0,0,0
YL_1240,0,0,0,0,0,0,0,0,0,2,0,NA,0,0,2,2,0,0,0,2,2,0,0,0,0,2,2,0,2,0,0,2,2,0,0,0,0,0,0,0,2,2,NA,2,0,0,0,0
YL_1241,0,2,2,NA,0,0,1,1,0,2,0,0,0,0,2,2,0,0,0,2,2,0,NA,0,0,2,2,0,2,0,0,2,2,0,0,0,0,0,0,0,2,0,0,2,0,0,1,1
YL_1243,0,2,2,0,0,0,1,1,0,2,0,0,0,0,2,2,0,0,0,2,2,NA,0,0,0,2,2,0,2,0,0,2,2,0,0,0,0,0,0,0,2,0,0,2,0,0,0,0
YL_1245,0,0,0,0,0,0,0,0,NA,2,0,0,0,0,2,2,0,0,0,2,2,2,0,0,0,2,2,0,2,0,0,2,2,0,0,0,0,0,0,0,2,0,0,2,0,0,0,0
YL_1246,0,0,0,2,0,0,0,0,0,2,0,0,0,0,2,2,0,0,0,2,2,0,0,0,0,2,2,0,2,0,1,2,2,0,0,0,0,0,0,0,2,0,0,2,0,0,0,0
YL_1247,0,NA,NA,0,0,0,0,0,0,NA,0,0,0,0,1,1,0,0,0,NA,NA,0,0,0,0,1,NA,0,NA,0,0,NA,1,0,0,0,0,0,0,0,1,0,0,1,0,0,0,0
YL_125,0,0,0,0,0,0,0,0,NA,0,0,0,0,0,0,0,0,0,0,0,NA,0,0,0,0,0,0,0,NA,0,0,0,0,0,0,0,0,0,0,0,0,0,0,0,0,0,0,0
YL_1254,0,0,0,0,0,0,0,0,0,0,0,0,0,0,0,0,0,0,0,0,0,0,0,0,0,0,0,0,0,0,0,0,0,0,0,0,0,0,0,0,0,0,0,0,0,0,0,0
YL_1257,0,0,0,0,0,0,0,0,0,0,0,0,0,0,0,0,0,0,0,0,0,0,0,0,0,0,0,0,0,0,0,0,0,0,0,0,0,0,0,0,0,0,0,0,0,0,0,0
YL_1262,0,0,0,0,0,0,0,NA,2,0,0,0,0,0,0,0,0,0,0,0,0,0,0,0,0,0,0,0,0,0,2,0,0,0,0,0,0,0,0,0,0,0,0,0,0,0,0,0
YL_1264,0,0,0,0,0,0,0,0,0,0,0,0,0,0,0,0,0,0,0,0,NA,0,0,0,0,0,0,0,0,0,0,0,0,0,0,0,0,0,0,0,0,0,0,0,0,NA,0,0
YL_1265,0,0,0,0,0,0,0,0,0,0,0,0,0,0,0,0,0,0,0,0,0,0,0,0,0,0,0,0,0,0,0,0,0,0,0,0,0,0,0,0,0,0,0,0,0,0,0,0
YL_127,0,0,0,0,0,0,0,0,0,0,0,0,0,0,0,0,0,0,0,0,0,0,0,0,1,0,0,0,0,0,0,0,0,0,0,0,0,0,0,0,0,0,0,0,0,0,0,0
YL_1275,0,0,0,0,0,0,0,0,0,0,0,0,0,0,0,0,0,0,0,0,0,0,0,2,0,0,0,0,0,2,0,0,0,0,2,0,2,2,2,2,0,0,0,0,0,0,0,0
YL_1276,0,0,0,0,0,0,0,0,0,0,0,2,0,0,0,0,0,0,0,0,0,0,0,0,0,0,0,0,0,0,0,0,0,0,0,0,0,0,0,0,0,NA,2,0,0,0,0,0
YL_1277,0,0,0,0,0,0,0,0,0,0,0,0,0,0,0,0,0,0,0,0,0,0,0,2,0,0,0,0,0,2,0,0,0,0,2,0,2,2,2,2,0,0,0,0,0,0,0,0
YL_1278,0,0,0,0,0,0,0,0,0,2,0,0,0,0,2,2,0,0,0,2,2,0,0,0,0,2,2,0,2,0,0,2,2,0,0,0,0,0,0,0,2,0,0,2,0,0,0,0
YL_1279,0,0,0,0,0,0,0,0,0,0,0,0,0,0,0,0,0,0,0,0,0,0,0,0,0,0,0,0,0,0,0,0,0,0,0,0,0,0,0,0,0,0,0,0,0,0,NA,0
YL_1280,0,0,0,0,0,0,0,0,0,0,0,0,0,0,0,0,0,0,0,0,0,0,0,0,0,0,0,0,0,0,0,0,0,0,0,0,0,0,0,0,0,0,0,0,0,0,0,0
YL_1281,0,0,0,0,0,0,0,0,0,0,0,0,0,0,0,0,0,0,0,0,0,0,0,2,0,0,0,0,0,2,0,0,0,0,2,0,2,2,2,2,0,0,0,0,0,0,0,0
YL_1282,0,0,0,0,0,0,0,0,0,0,0,0,0,0,0,0,0,0,0,0,0,0,0,2,0,0,0,0,0,2,0,0,0,0,2,0,2,2,2,2,0,0,0,0,0,0,0,0
YL_1283,0,0,0,0,0,0,0,0,2,0,0,0,0,0,0,0,0,0,0,0,0,0,0,0,0,0,0,0,0,0,0,0,0,0,0,0,0,0,0,0,0,0,0,0,0,0,0,0
YL_1284,0,0,0,0,0,0,0,0,0,2,0,0,0,0,2,2,0,0,0,2,2,0,0,0,0,2,2,0,2,0,0,2,2,0,0,0,0,0,0,0,2,0,0,2,0,0,0,0
YL_1287,0,0,0,0,0,0,0,0,NA,0,0,0,0,0,0,0,0,0,0,0,0,0,0,0,0,0,0,0,0,0,0,0,0,0,0,0,0,0,0,0,0,0,0,0,0,0,0,0
YL_1288,0,0,0,0,0,0,0,0,0,0,0,0,0,0,0,0,0,0,0,0,0,0,0,0,0,0,0,0,0,0,0,0,0,0,0,0,0,0,0,0,0,0,0,0,0,0,0,0
YL_1289,0,0,0,0,0,0,0,0,0,0,0,0,0,0,0,0,0,0,0,0,0,0,0,0,0,0,0,0,0,0,1,0,0,0,0,0,0,0,0,0,0,0,0,0,0,0,0,0
YL_129,0,0,0,0,0,0,0,0,NA,0,0,0,0,0,0,0,0,0,0,0,0,0,0,2,0,0,0,0,0,2,0,0,0,0,2,0,2,2,2,2,0,0,0,0,0,0,0,0
YL_1292,0,0,0,0,0,0,0,0,0,0,0,0,0,0,0,0,0,0,0,0,0,0,0,0,0,0,0,0,0,0,0,0,0,0,0,0,0,0,0,0,0,0,0,0,0,0,0,0
YL_1293,0,0,0,0,0,0,0,0,0,0,0,0,0,0,0,0,0,0,0,0,0,0,0,0,0,0,0,0,0,0,0,0,0,0,0,0,0,0,0,0,0,0,0,0,0,0,0,0
YL_1294,0,0,0,0,0,0,0,0,0,0,0,0,0,0,0,0,0,0,0,0,0,0,0,2,0,0,0,0,0,2,1,0,0,0,2,0,2,2,2,2,0,0,0,0,0,0,0,0
YL_1295,0,0,0,0,0,0,0,0,0,NA,0,1,0,0,1,1,0,0,0,1,1,0,0,0,0,1,1,0,NA,0,0,NA,1,0,0,0,0,0,0,0,1,1,1,1,0,2,0,0
YL_1296,0,0,0,0,0,0,0,0,NA,0,0,0,0,0,0,0,0,0,0,0,0,0,0,0,0,0,0,0,0,0,0,0,0,0,0,0,0,0,0,0,0,0,0,0,0,0,0,0
YL_1298,0,0,0,0,0,0,0,0,NA,0,0,0,0,0,0,0,0,0,0,0,0,0,0,2,0,0,0,0,0,2,0,0,0,0,2,0,2,2,2,2,0,0,0,0,0,0,0,0
YL_1299,0,0,0,0,0,0,0,0,NA,0,0,0,0,0,0,0,0,0,0,0,0,0,0,0,0,0,0,0,0,0,0,0,0,0,0,0,0,0,0,0,0,0,0,0,0,0,0,0
YL_1300,0,0,0,0,0,0,0,0,0,0,0,0,0,0,0,0,0,0,0,0,0,0,0,0,0,0,0,0,0,0,0,0,0,0,0,0,0,0,0,0,0,0,0,0,0,0,0,0
YL_1301,0,0,0,0,0,0,0,0,0,0,0,0,0,0,0,0,0,0,0,0,0,0,0,0,0,0,0,0,0,0,0,0,0,0,0,0,0,0,0,0,0,0,0,0,0,0,0,0
YL_1302,0,0,0,0,0,0,0,0,0,0,0,0,0,0,0,0,0,0,0,0,0,0,0,0,0,0,0,0,0,0,0,0,0,0,0,0,0,0,0,0,0,0,0,0,0,0,0,0
YL_1303,0,0,0,0,0,0,0,0,0,0,0,0,0,0,0,0,0,0,0,0,NA,0,0,0,0,0,NA,0,0,0,0,0,0,0,0,0,0,0,0,0,0,0,0,0,0,0,0,0
YL_1304,0,0,0,0,0,0,0,0,2,0,0,0,0,0,0,0,0,0,0,0,0,0,0,0,0,0,0,0,0,0,0,0,0,0,0,0,0,0,0,0,0,0,0,0,0,0,0,0
YL_1306,0,0,0,0,0,0,0,0,2,0,0,0,0,0,0,0,0,0,0,0,0,0,0,0,0,0,0,0,0,0,0,0,0,0,0,0,0,0,0,0,0,0,0,0,0,0,0,0
YL_1309,0,0,0,0,0,0,0,0,0,0,0,0,0,0,0,0,0,0,0,0,0,0,0,2,0,0,0,0,0,2,0,0,0,0,2,0,2,2,2,2,0,0,0,0,0,0,0,0
YL_131,1,0,0,0,0,0,0,0,0,0,0,0,0,0,0,0,0,0,0,0,0,0,0,0,0,0,0,0,0,0,0,0,0,0,0,0,0,0,0,0,0,0,0,0,0,0,0,0
YL_1311,0,0,0,0,0,0,0,0,2,0,0,0,0,0,0,0,0,0,0,0,0,0,0,0,0,0,0,0,0,0,1,0,0,0,0,0,0,0,0,0,0,0,0,0,0,0,0,0
YL_1312,0,0,0,0,0,0,0,0,0,0,0,0,0,0,0,0,0,0,0,0,0,0,0,2,0,0,0,0,0,2,0,0,0,0,2,0,2,2,2,2,0,0,0,0,0,0,0,0
YL_1314,0,0,0,0,0,0,0,0,0,0,0,0,0,0,0,0,0,0,0,0,0,0,0,0,0,0,0,0,0,0,0,0,0,0,0,0,0,0,0,0,0,0,0,0,0,0,0,0
YL_1315,0,0,0,0,0,0,0,0,0,0,0,0,0,0,0,0,0,0,0,0,0,0,0,0,0,0,0,0,0,0,0,0,0,0,0,0,0,0,0,0,0,0,0,0,0,0,0,0
YL_1316,0,0,0,0,0,0,0,0,0,0,0,0,0,0,0,0,0,0,0,0,0,0,0,0,0,0,0,0,0,0,0,0,0,0,0,0,0,0,0,0,0,0,0,0,0,0,0,0
YL_1318,0,0,0,0,0,0,0,0,0,0,0,0,0,0,0,0,0,0,0,0,0,0,0,0,0,0,0,0,0,0,0,0,0,0,0,0,0,0,0,0,0,0,0,0,0,0,0,0
YL_1319,0,0,0,0,0,0,0,0,1,0,0,0,0,0,0,0,0,0,0,0,0,0,0,1,0,0,0,0,0,1,0,0,0,0,1,0,1,1,1,1,0,0,0,0,0,0,0,0
YL_1321,0,0,0,0,0,0,0,0,0,0,0,0,0,0,0,0,0,0,0,0,0,0,0,0,0,0,0,0,0,0,0,0,0,0,0,0,0,0,0,0,0,0,0,0,0,0,0,0
YL_1323,0,0,0,0,0,0,0,0,0,0,0,0,0,0,0,0,0,0,0,0,0,0,0,2,0,0,0,0,0,2,0,0,0,0,2,0,2,2,2,2,0,0,0,0,0,0,0,0
YL_1325,0,0,0,0,0,0,0,0,1,0,0,0,0,0,0,0,0,0,0,0,0,0,0,0,0,0,0,0,0,0,0,0,0,0,0,0,0,0,0,0,0,0,0,0,0,0,0,0
YL_1326,0,0,0,0,0,0,0,0,0,0,0,0,0,0,0,0,0,0,0,0,0,0,0,0,0,0,0,0,0,0,0,0,0,0,0,0,0,0,0,0,0,0,0,0,0,0,0,0
YL_1327,0,0,0,0,0,0,0,0,0,0,0,0,0,0,0,0,0,0,0,0,NA,0,0,0,0,0,0,0,0,0,0,0,0,0,0,0,0,0,0,0,0,0,0,0,0,0,0,0
YL_1328,0,0,0,0,1,1,0,0,0,0,0,0,0,0,0,0,0,0,0,0,0,0,0,0,0,0,0,0,0,0,0,0,0,0,0,0,0,0,0,0,0,0,0,0,0,0,0,0
YL_133,0,0,0,0,0,0,0,0,0,0,0,0,0,0,0,0,0,0,0,0,0,0,0,0,0,0,0,0,0,0,0,0,0,0,0,0,0,0,0,0,0,0,0,0,0,0,0,0
YL_1331,0,0,0,0,0,0,0,0,0,0,0,0,0,0,0,0,0,0,0,0,0,0,0,2,2,0,0,0,0,2,0,0,0,0,2,0,2,2,2,2,0,0,0,0,0,0,0,0
YL_1332,0,0,0,0,0,0,0,0,0,0,0,0,0,0,0,0,0,0,0,0,0,0,0,0,0,0,0,0,0,0,1,0,0,0,0,0,0,0,0,0,0,0,0,0,0,0,0,0
YL_1334,0,0,0,0,0,0,0,0,2,0,0,0,0,0,0,0,0,0,0,0,0,0,0,0,0,0,0,0,0,0,0,0,0,0,0,0,0,0,0,0,0,0,0,0,0,0,0,0
YL_1335,0,0,0,0,0,0,0,0,0,0,0,0,0,0,0,0,0,0,0,0,0,0,0,0,0,0,0,0,0,0,0,0,0,0,0,0,0,0,0,0,0,0,0,0,0,0,0,0
YL_1336,0,0,0,0,0,0,0,0,0,NA,0,0,0,0,0,0,0,0,0,0,0,0,0,0,0,0,0,0,0,0,0,0,0,0,0,0,0,0,0,0,0,0,0,0,0,0,0,0
YL_1337,0,0,0,0,0,0,0,0,0,0,0,0,0,0,0,0,0,0,0,0,0,0,0,0,0,0,0,0,0,0,2,0,0,0,0,0,0,0,0,0,0,0,0,0,0,0,0,0
YL_1339,0,0,0,0,0,0,0,0,0,0,0,0,0,0,0,0,0,0,0,0,0,0,0,2,0,0,0,0,0,2,0,0,0,0,2,0,2,2,2,2,0,0,0,0,0,0,0,0
YL_134,1,0,0,0,0,0,0,0,0,0,0,0,0,0,0,0,0,0,0,0,0,0,0,0,0,0,0,0,0,0,0,0,0,0,0,0,0,0,0,0,0,0,0,0,0,0,0,0
YL_1340,0,0,0,0,0,0,0,0,0,0,0,0,0,0,0,0,0,0,0,0,0,0,0,2,0,0,0,0,0,2,0,0,0,0,2,0,2,2,2,2,0,0,0,0,0,0,0,0
YL_1343,0,0,0,0,0,0,0,0,0,0,0,0,0,0,0,0,0,0,0,0,0,0,0,0,0,0,0,0,0,0,0,0,0,0,0,0,0,0,0,0,0,0,0,0,0,0,0,0
YL_1344,0,0,0,0,0,0,0,0,0,0,0,0,0,0,0,0,0,0,0,0,0,0,0,0,0,0,0,0,0,0,1,0,0,0,0,0,0,0,0,0,0,0,0,0,0,0,0,0
YL_1345,0,0,0,0,0,0,0,0,0,0,0,0,0,0,0,0,0,0,0,0,0,0,0,2,0,0,0,0,0,2,1,0,0,0,2,0,2,2,2,2,0,0,0,0,0,0,0,0
YL_1346,0,0,0,0,0,0,0,0,0,0,0,0,0,0,0,0,0,0,0,0,0,0,0,0,0,0,0,0,0,0,0,0,0,0,0,0,0,0,0,0,0,0,0,0,0,0,0,0
YL_1347,0,0,0,0,0,0,0,0,0,0,0,0,0,0,0,0,0,0,0,0,0,0,0,0,0,0,0,0,0,0,0,0,0,0,0,0,0,0,0,0,0,0,0,0,0,0,0,0
YL_1348,0,0,0,0,0,0,0,0,0,0,0,0,0,0,0,0,0,0,0,0,0,0,0,0,0,0,0,0,0,0,0,0,0,0,0,0,0,0,0,0,0,0,0,0,0,0,0,0
YL_1349,0,0,0,0,0,0,0,0,NA,0,0,0,0,0,0,0,0,0,0,0,0,0,0,0,0,0,0,0,0,0,0,0,0,0,0,0,0,0,0,0,0,0,0,0,0,0,0,0
YL_1352,0,0,0,0,0,0,0,0,0,0,0,0,0,0,0,0,0,0,0,0,0,0,0,0,0,0,0,0,0,0,0,0,0,0,0,0,0,0,0,0,0,0,0,0,0,0,0,0
YL_1353,0,0,0,0,0,0,0,0,0,0,0,0,0,0,0,0,0,0,0,0,0,0,0,0,0,0,0,0,0,0,1,0,0,0,0,0,0,0,0,0,0,0,0,0,0,0,0,0
YL_1355,0,0,0,0,0,0,0,0,0,0,0,0,0,0,0,0,0,0,0,0,0,0,0,2,0,0,0,0,0,2,1,0,0,0,2,0,2,2,2,2,0,0,0,0,0,0,0,0
YL_1356,0,0,0,0,0,0,0,0,0,0,0,0,0,0,0,0,0,0,0,0,0,0,0,2,0,0,0,0,0,2,0,0,0,0,2,0,2,2,2,2,0,0,0,0,0,0,0,0
YL_1358,0,0,0,0,0,0,0,0,2,0,0,0,0,0,0,0,0,0,0,0,0,0,0,2,0,0,0,0,0,2,2,0,0,0,2,0,2,2,2,2,0,0,0,0,0,0,0,0
YL_1359,1,0,0,0,0,0,0,0,0,0,0,0,0,0,0,0,0,0,0,0,0,0,0,0,0,0,0,0,0,0,0,0,0,0,0,0,0,0,0,0,0,0,0,0,0,0,0,0
YL_136,0,0,0,0,0,0,0,0,0,0,0,0,0,0,0,0,0,0,0,0,0,0,0,0,0,0,0,0,0,0,0,0,0,0,0,0,0,0,0,0,0,0,0,0,0,0,0,0
YL_1360,0,0,0,0,0,0,0,0,0,0,0,0,0,0,0,0,0,0,0,0,0,0,0,0,0,0,0,0,0,0,0,0,0,0,0,0,0,0,0,0,0,0,0,0,0,0,0,0
YL_1361,0,0,0,0,0,0,0,0,2,0,0,0,0,0,0,0,0,0,0,0,0,0,0,2,0,0,0,0,0,2,0,0,0,0,2,0,2,2,2,2,0,0,0,0,0,0,0,0
YL_1362,0,0,0,0,0,0,1,1,0,0,0,0,0,0,0,0,0,0,0,0,0,0,0,0,0,0,0,0,0,0,0,0,0,0,0,0,0,0,0,0,0,0,0,0,0,0,0,0
YL_1363,0,0,0,0,0,0,0,0,0,0,0,0,0,0,0,0,0,0,0,0,0,0,0,0,0,0,0,0,0,0,0,0,0,0,0,0,0,0,0,0,0,0,0,0,0,0,1,1
YL_1364,0,0,0,0,0,0,0,0,0,0,0,0,0,0,0,0,0,0,0,0,0,0,0,2,0,0,0,0,0,2,0,0,0,0,2,0,2,2,2,2,0,0,0,0,0,0,0,0
YL_1365,0,0,0,0,0,0,0,0,0,1,0,0,0,0,1,1,0,0,0,1,1,0,0,2,0,1,1,0,1,2,0,1,NA,0,2,0,2,2,2,2,NA,0,0,NA,0,0,0,0
YL_1367,0,0,0,0,0,0,0,0,0,0,0,0,0,0,0,0,0,0,0,0,0,0,0,0,0,0,0,0,0,0,0,0,0,0,0,0,0,0,0,0,0,0,0,0,0,0,0,0
YL_1369,0,0,0,0,0,0,0,0,0,0,0,0,0,0,0,0,0,0,0,0,0,0,0,0,0,0,0,0,0,0,0,0,0,0,0,0,0,0,0,0,0,0,0,0,0,0,0,0
YL_1370,0,0,0,0,0,0,0,0,0,0,0,0,0,0,0,0,0,0,0,0,0,0,0,0,0,0,0,0,0,0,0,0,0,0,0,0,0,0,0,0,0,0,0,0,0,0,0,0
YL_1371,0,0,0,0,0,0,0,0,NA,0,0,0,0,0,0,0,0,0,0,0,0,0,0,0,0,0,0,0,0,0,0,0,0,0,0,0,0,0,0,0,0,0,0,0,0,0,NA,NA
YL_1373,0,0,0,0,0,0,0,0,0,0,0,0,0,0,0,0,0,0,0,0,0,0,0,0,0,0,0,0,0,0,0,0,0,0,0,0,0,0,0,0,0,0,0,0,0,0,0,0
YL_1374,1,0,0,0,0,0,0,0,0,1,0,0,0,0,1,1,0,0,0,0,1,0,0,1,0,1,0,0,1,1,0,1,1,1,0,1,1,1,1,1,1,NA,0,0,0,0,0,0
YL_1376,0,0,0,0,0,0,0,0,0,0,0,0,0,0,0,0,0,0,0,0,0,0,0,0,0,0,0,0,0,0,0,0,0,0,0,0,0,0,0,0,0,0,0,0,0,0,0,0
YL_1377,0,0,0,0,0,0,0,0,0,0,0,0,0,0,0,0,0,0,0,0,0,0,0,0,0,0,0,0,0,0,2,0,0,0,0,0,0,0,0,0,0,0,0,0,0,0,0,0
YL_1378,1,0,0,0,0,0,0,0,0,0,0,0,0,0,0,0,0,0,0,0,0,0,0,0,0,0,0,0,0,0,2,0,0,0,0,0,0,0,0,0,0,0,0,0,0,0,0,0
YL_1379,0,0,0,0,0,0,0,0,0,0,0,0,0,0,0,0,0,0,0,0,0,0,0,0,0,0,0,0,0,0,0,0,0,0,0,0,0,0,0,0,0,0,0,0,0,0,0,0
YL_138,0,0,0,0,0,0,0,0,0,0,0,0,0,0,0,0,0,0,0,0,0,0,0,0,0,0,0,0,0,0,0,0,0,0,0,0,0,0,0,0,0,0,0,0,0,0,0,0
YL_1381,1,0,0,0,0,0,0,0,NA,0,0,0,0,0,0,0,0,0,0,0,0,0,0,0,0,0,0,0,0,0,0,0,0,0,0,0,0,0,0,0,0,0,0,0,0,NA,0,0
YL_1382,0,NA,NA,0,0,0,0,0,0,0,0,0,0,0,0,0,0,0,0,0,0,0,0,0,0,0,0,0,0,NA,1,0,0,0,0,0,1,1,1,1,0,0,0,0,0,0,0,0
YL_1383,1,0,0,0,0,0,0,0,NA,0,0,0,0,0,0,0,0,0,0,0,0,0,0,0,0,0,0,0,0,0,0,0,0,0,0,0,0,0,0,0,0,0,0,0,0,0,0,0
YL_1384,0,0,0,0,0,0,0,0,0,0,0,0,0,0,0,0,0,0,0,0,0,0,0,0,0,0,0,0,0,0,0,0,0,0,0,0,0,0,0,0,0,0,0,0,0,0,0,0
YL_1386,0,0,0,0,0,0,0,0,0,0,0,0,0,0,0,1,0,0,0,NA,NA,0,0,0,0,1,NA,0,NA,0,0,0,0,0,0,0,0,0,0,0,0,0,0,0,0,NA,0,0
YL_1387,0,0,0,0,0,0,0,0,0,0,0,0,0,0,0,0,0,0,0,0,0,0,0,0,0,0,0,0,0,0,0,0,0,0,0,0,0,0,0,0,0,0,0,0,0,0,0,0
YL_1388,0,0,0,0,0,0,0,0,NA,0,0,0,0,0,0,0,0,0,0,0,0,0,0,2,0,0,0,0,0,2,0,0,0,0,2,0,2,2,2,2,0,0,0,0,0,NA,0,0
YL_1389,0,0,0,0,0,0,0,0,NA,0,0,0,0,0,0,0,0,0,0,0,0,0,0,2,0,0,0,0,0,2,0,0,0,0,2,0,2,2,2,2,0,0,0,0,0,0,0,0
YL_1390,0,0,0,0,0,0,0,0,0,0,0,0,0,0,0,0,0,0,0,0,0,0,0,0,0,0,0,0,0,0,1,0,0,0,0,0,0,0,0,0,0,0,0,0,0,2,0,0
YL_1391,0,0,0,0,0,0,0,0,0,0,0,0,0,0,0,0,0,0,0,0,0,0,0,2,0,0,0,0,0,2,0,0,0,0,2,0,2,2,2,2,0,0,0,0,0,0,0,0
YL_1392,0,0,0,0,0,0,0,0,0,0,0,0,0,0,0,0,0,0,0,0,0,0,0,0,0,0,0,0,0,0,NA,0,0,0,0,0,0,0,0,0,0,0,0,0,0,0,0,0
YL_1393,0,0,0,0,0,0,0,0,0,0,0,0,0,0,0,0,0,0,0,0,0,0,0,0,0,0,0,0,0,0,2,0,0,0,0,0,0,0,0,0,0,0,0,0,0,0,0,0
YL_1394,0,0,0,0,0,0,0,0,0,0,0,0,0,0,0,0,0,0,0,0,0,0,0,2,0,0,0,0,0,2,0,0,0,0,2,0,2,2,2,2,0,0,0,0,0,0,0,0
YL_1397,0,0,0,0,0,0,0,0,0,0,0,0,0,0,0,0,0,0,0,0,0,0,0,0,0,0,0,0,0,0,0,0,0,0,0,0,0,0,0,0,0,0,0,0,0,0,0,0
YL_1398,0,0,0,0,0,0,0,0,0,0,0,0,0,0,0,0,0,0,0,0,0,0,0,0,0,0,0,0,0,0,0,0,0,0,0,0,0,0,0,0,0,0,0,0,0,0,0,0
YL_1399,0,0,0,0,0,0,0,0,0,0,0,0,0,0,0,0,0,0,0,0,0,0,0,0,0,0,0,0,0,0,0,0,0,0,0,0,0,0,0,0,0,0,0,0,0,0,0,0
YL_140,0,0,0,0,0,0,0,0,0,0,0,0,0,0,0,0,0,0,0,0,0,0,0,0,0,0,0,0,0,0,0,0,0,0,0,0,0,0,0,0,0,0,0,0,0,NA,0,0
YL_1400,0,0,0,0,0,0,0,0,0,0,0,0,0,0,0,0,0,0,0,0,0,0,0,0,0,0,0,0,0,0,0,0,0,0,0,0,0,0,0,0,0,0,0,0,0,0,0,0
YL_1404,0,0,0,0,0,0,0,0,0,0,0,0,0,0,0,0,0,0,0,0,0,0,0,0,0,0,0,0,0,0,0,0,0,0,0,0,0,0,0,0,0,0,0,0,0,0,0,0
YL_1405,0,0,0,0,0,0,0,0,0,0,0,0,0,0,0,0,0,0,0,0,0,0,0,0,0,0,0,0,0,0,0,0,0,0,0,0,0,0,0,0,0,0,0,0,0,0,0,0
YL_1406,0,0,0,0,0,0,0,0,0,0,0,0,0,0,0,0,0,0,0,0,0,0,0,0,0,0,0,0,0,0,0,0,0,0,0,0,0,0,0,0,0,0,0,0,0,0,0,0
YL_1407,0,0,0,0,0,0,0,0,0,0,0,0,0,0,0,0,0,0,0,0,0,0,0,0,0,0,0,0,0,0,0,0,0,0,0,0,0,0,0,0,0,0,0,0,0,0,0,0
YL_1411,0,0,0,0,0,0,0,0,0,0,0,0,0,0,0,0,0,0,0,0,0,0,0,2,0,0,0,0,0,2,0,0,0,0,2,0,2,2,2,2,0,0,0,0,0,0,0,0
YL_1415,0,0,0,0,0,0,0,0,NA,0,0,0,0,0,0,0,0,0,0,0,0,0,0,0,0,0,0,0,0,0,0,0,0,0,0,0,0,0,0,0,0,0,0,0,0,0,0,0
YL_1416,0,0,0,0,0,0,0,0,0,0,0,0,0,0,0,0,0,0,0,0,0,NA,0,0,0,0,0,0,0,0,0,0,0,0,0,0,0,0,0,0,0,0,0,0,0,0,0,0
YL_1417,0,0,0,0,0,0,0,0,NA,0,0,0,0,0,0,0,0,0,0,0,0,0,0,0,0,0,0,0,0,0,0,0,0,0,0,0,0,0,0,0,0,0,0,0,0,0,0,0
YL_1418,0,0,0,0,0,0,0,0,0,0,0,0,0,0,0,0,0,0,0,0,0,0,0,0,0,0,0,0,0,0,0,0,0,0,0,0,0,0,0,0,0,0,0,0,0,0,0,0
YL_1419,0,0,0,0,0,0,0,0,0,0,0,0,0,0,0,0,0,0,0,0,0,0,0,0,0,0,0,0,0,0,0,0,0,0,0,0,0,0,0,0,0,0,0,0,0,0,0,0
YL_1420,0,0,0,0,0,0,0,0,1,0,0,0,0,0,0,0,0,0,0,0,0,0,0,1,0,0,0,0,0,0,0,0,0,0,0,0,0,0,0,0,0,0,0,0,0,0,0,0
YL_1422,0,0,0,0,0,0,0,0,0,0,0,0,0,0,0,0,0,0,0,0,0,0,0,0,0,0,0,0,0,0,0,0,0,0,0,0,0,0,0,0,0,0,0,0,0,0,0,0
YL_1423,0,0,0,0,0,0,0,0,2,0,0,0,0,0,0,0,0,0,0,0,0,0,0,0,0,0,0,0,0,0,0,0,0,0,0,0,0,0,0,0,0,0,0,0,0,0,0,0
YL_1424,0,0,0,0,0,0,0,0,0,0,0,0,0,0,0,0,0,0,0,0,0,0,0,2,NA,0,0,0,0,2,0,0,0,0,2,0,2,2,2,2,0,0,0,0,0,0,0,0
YL_1426,0,0,0,0,0,0,0,0,0,0,0,0,0,0,0,0,0,0,0,0,0,0,0,0,0,0,0,0,0,0,0,0,0,0,0,0,0,0,0,0,0,0,0,0,0,0,0,0
YL_1427,0,0,0,0,0,0,0,0,0,0,0,0,0,0,0,0,0,0,0,0,0,0,0,0,0,0,0,0,0,0,0,0,0,0,0,0,0,0,0,0,0,0,0,0,0,0,0,0
YL_1430,0,0,0,0,0,0,0,0,0,0,0,0,0,0,0,0,0,0,0,0,0,0,0,0,0,0,0,0,0,0,0,0,0,0,0,0,0,0,0,0,0,0,0,0,0,2,0,0
YL_1431,0,0,0,0,0,0,0,0,0,0,2,0,2,0,0,0,NA,NA,NA,0,0,0,0,0,0,0,0,NA,0,0,0,0,0,NA,0,2,0,0,0,0,0,0,0,0,2,2,0,0
YL_1432,0,0,0,0,0,0,0,0,0,0,NA,0,2,0,0,0,0,0,0,0,0,0,0,0,0,0,0,0,0,0,0,0,0,0,0,2,0,0,0,0,0,0,0,0,2,0,0,0
YL_1433,0,0,0,0,0,0,1,1,0,0,0,0,0,0,0,0,0,0,0,0,0,0,0,2,0,0,0,0,0,2,0,0,0,0,2,0,2,2,2,2,0,0,0,0,0,0,0,0
YL_1434,0,NA,NA,0,0,0,0,0,0,0,0,0,0,0,0,0,0,0,0,0,0,0,0,0,0,0,0,0,0,0,0,0,0,0,0,0,0,0,0,0,0,0,0,0,0,0,0,0
YL_1435,0,0,0,0,0,0,1,1,2,0,0,0,0,0,0,0,0,0,0,0,0,0,0,0,0,0,0,0,0,0,0,0,0,0,0,0,0,0,0,0,0,0,0,0,0,2,0,0
YL_1436,0,0,0,0,0,0,0,0,0,0,0,0,0,0,0,0,0,0,0,0,0,0,0,2,0,0,0,0,0,2,2,0,0,0,2,0,2,2,2,2,0,0,0,0,0,0,0,0
YL_1437,0,0,0,0,0,0,0,0,2,0,0,0,0,0,0,0,0,0,0,0,0,0,0,0,0,0,0,0,0,0,0,0,0,0,0,0,0,0,0,0,0,0,0,0,0,0,0,0
YL_1438,0,0,0,0,0,0,0,0,2,0,0,0,0,0,0,0,0,0,0,0,0,0,0,2,0,0,0,0,0,2,1,0,0,0,2,0,2,2,2,2,0,0,0,0,0,0,0,0
YL_144,0,0,0,0,0,0,0,0,0,0,0,0,0,0,0,0,0,0,0,0,0,0,0,0,0,0,0,0,0,0,0,0,0,0,0,0,0,0,0,0,0,0,0,0,0,0,0,0
YL_1440,0,0,0,0,0,0,0,0,0,0,0,0,2,0,0,0,0,0,0,0,0,0,0,0,0,0,0,2,0,0,0,0,0,0,0,0,0,0,0,0,0,0,0,0,2,0,0,0
YL_1442,0,0,0,0,0,0,0,0,0,0,2,1,2,0,0,0,0,0,0,0,0,0,0,0,0,0,0,NA,0,0,0,0,0,0,0,2,0,0,0,0,0,2,0,0,2,0,0,0
YL_1444,0,0,0,0,0,0,0,0,0,0,0,0,0,0,0,0,0,0,0,0,0,0,0,0,0,0,0,0,0,0,0,0,0,0,0,0,0,0,0,0,0,0,0,0,0,0,0,0
YL_1445,0,0,0,0,0,0,0,0,0,0,0,0,0,0,0,0,0,0,0,0,0,0,0,0,0,0,0,0,0,0,0,0,0,0,0,0,0,0,0,0,0,0,0,0,0,0,0,0
YL_1446,0,0,0,0,0,0,0,0,2,NA,0,0,0,0,NA,1,0,0,0,NA,NA,0,0,2,0,1,NA,0,NA,2,0,NA,NA,0,2,0,2,2,2,2,NA,0,0,NA,0,0,1,1
YL_1447,0,0,0,0,0,0,0,0,0,2,0,0,0,0,2,2,0,0,0,2,2,0,0,1,0,2,2,0,2,NA,0,2,2,0,0,0,1,1,1,1,2,0,0,2,0,0,1,1
YL_1449,0,2,2,0,0,0,0,0,0,0,0,0,0,0,0,0,0,0,0,0,0,0,0,0,0,0,0,0,0,0,0,0,0,0,0,0,0,0,0,0,0,0,0,0,0,0,0,0
YL_145,NA,0,0,0,0,0,0,0,0,2,0,0,0,0,2,2,0,0,0,2,2,2,0,0,0,2,2,0,2,0,0,2,2,0,0,0,0,0,0,0,2,0,0,2,0,0,0,0
YL_1450,0,0,0,0,0,0,0,0,0,0,0,0,0,0,0,0,0,0,0,0,0,0,0,0,0,0,0,0,0,0,0,0,0,0,0,0,0,0,0,0,0,0,0,0,0,0,0,0
YL_1451,0,0,0,0,0,0,0,0,0,0,0,0,0,0,0,0,0,0,0,0,0,0,0,0,0,0,0,0,0,0,0,0,0,0,0,0,0,0,0,0,0,0,0,0,0,0,0,0
YL_1452,0,0,0,0,0,0,0,0,0,0,0,0,0,0,0,0,0,0,0,0,0,0,0,0,0,0,0,0,0,0,0,0,0,0,0,0,0,0,0,0,0,0,0,0,0,0,0,0
YL_1453,0,0,0,0,0,0,0,0,0,0,0,0,0,0,0,0,0,0,0,0,0,0,0,2,0,0,0,0,0,2,0,0,0,0,2,0,2,2,2,2,0,0,0,0,0,0,0,0
YL_1455,0,0,0,0,0,0,0,0,NA,0,0,0,0,0,0,0,0,0,0,0,0,0,0,2,0,0,0,0,0,2,0,0,0,0,2,0,2,2,2,2,0,0,0,0,0,0,0,0
YL_1456,0,0,0,0,0,0,0,0,NA,0,0,0,0,0,0,0,0,0,0,0,0,0,0,2,0,0,0,0,0,2,0,0,0,0,2,0,2,2,2,2,0,0,0,0,0,0,0,0
YL_1457,0,0,0,0,0,0,0,0,0,0,0,0,0,0,0,0,0,0,0,0,0,0,0,0,0,0,0,0,0,0,0,0,0,0,0,0,0,0,0,0,0,0,0,0,0,0,0,0
YL_1459,0,2,2,0,0,0,0,0,0,0,0,0,0,0,0,0,0,0,0,0,0,0,0,0,0,0,0,0,0,0,0,0,0,0,0,0,0,0,0,0,0,0,0,0,0,0,0,0
YL_1460,0,0,0,0,0,0,0,0,0,0,0,0,0,0,0,0,0,0,0,0,0,0,0,0,0,0,0,0,0,0,0,0,0,0,0,0,0,0,0,0,0,0,0,0,0,0,0,0
YL_1461,0,NA,NA,0,0,0,0,0,0,0,0,0,0,0,0,0,0,0,0,0,0,0,0,0,0,0,0,0,0,0,0,0,0,0,0,0,0,0,0,0,0,0,0,0,0,0,0,0
YL_1462,0,0,0,0,0,0,0,0,0,0,0,0,0,0,0,0,0,0,0,0,0,0,0,0,0,0,0,0,0,0,0,0,0,0,0,0,0,0,0,0,0,0,0,0,0,0,0,0
YL_1463,0,0,0,0,0,0,0,0,NA,0,0,0,0,0,0,0,0,0,0,0,0,0,0,2,0,0,0,0,0,2,0,0,0,0,2,0,2,2,2,2,0,0,0,0,0,0,0,0
YL_1464,0,0,0,0,0,0,1,1,0,2,0,0,0,0,2,2,0,0,0,2,2,0,0,0,0,2,2,0,2,0,0,2,2,0,0,0,0,0,0,0,2,0,0,2,0,0,0,0
YL_1465,0,0,0,0,0,0,0,0,0,0,0,0,0,0,0,0,0,0,0,0,0,0,0,2,0,0,0,0,0,2,0,0,0,0,2,0,2,2,2,2,0,0,0,0,0,0,0,0
YL_1466,0,0,0,0,0,0,0,0,0,0,0,0,0,0,0,0,0,0,0,0,0,0,0,0,0,0,0,0,0,0,0,0,0,0,0,0,0,0,0,0,0,0,0,0,0,0,0,0
YL_1467,0,0,0,0,0,0,0,0,0,0,0,0,0,0,0,0,0,0,0,0,0,0,0,0,0,0,0,0,0,0,0,0,0,0,0,0,0,0,0,0,0,0,0,0,0,0,0,0
YL_1468,0,0,0,0,0,0,0,0,2,0,0,0,0,0,0,0,0,0,0,0,0,0,0,0,0,0,0,0,0,0,2,0,0,0,0,0,0,0,0,0,0,0,0,0,0,0,0,0
YL_1469,0,2,2,NA,0,0,0,0,NA,0,0,0,0,0,0,0,0,0,0,0,0,0,0,0,0,0,0,0,0,0,0,0,0,0,0,0,0,0,0,0,0,0,0,0,0,0,0,0
YL_147,0,0,0,0,0,0,0,0,0,0,0,0,0,0,0,0,0,0,0,0,0,0,0,0,0,0,0,0,0,0,0,0,0,0,0,0,0,0,0,0,0,0,0,0,0,0,0,0
YL_1470,0,0,0,0,0,0,0,0,2,0,0,0,0,0,0,0,0,0,0,0,0,0,0,2,0,0,0,0,0,2,0,0,0,0,2,0,2,2,2,2,0,0,0,0,0,0,2,2
YL_1471,0,0,0,0,0,0,0,0,0,0,0,0,0,0,0,0,0,0,0,0,0,0,0,0,0,0,0,0,0,1,0,0,0,0,0,0,NA,NA,NA,NA,0,0,0,0,0,0,0,0
YL_1473,0,0,0,0,0,0,0,0,0,0,0,0,0,0,0,0,0,0,0,0,0,0,0,0,0,0,0,0,0,0,0,0,0,0,0,0,0,0,0,0,0,0,0,0,0,0,0,0
YL_1474,0,0,0,0,0,0,0,0,2,0,0,0,0,0,0,0,0,0,0,0,0,0,0,0,0,0,0,0,0,0,1,0,0,0,0,0,0,0,0,0,0,0,0,0,0,0,0,0
YL_1475,0,0,0,0,0,0,0,0,0,0,0,0,0,0,0,0,0,0,0,0,0,0,0,0,0,0,0,0,0,0,0,0,0,0,0,0,0,0,0,0,0,0,0,0,0,0,0,0
YL_1476,0,0,0,0,0,0,0,0,0,0,0,0,0,0,0,0,0,0,0,0,0,0,0,0,0,0,0,0,0,0,0,0,0,0,0,0,0,0,0,0,0,0,0,0,0,0,0,0
YL_1477,0,0,0,0,0,0,0,0,0,NA,0,0,0,0,0,0,0,0,0,0,0,0,0,0,0,0,0,0,NA,0,0,0,0,0,0,0,0,0,0,0,0,0,0,0,0,0,0,0
YL_1478,0,0,0,0,0,0,0,0,0,0,0,0,0,0,0,0,0,0,0,0,0,0,0,0,0,0,0,0,0,0,0,0,0,0,0,0,0,0,0,0,0,0,0,0,0,0,0,0
YL_1479,0,0,0,0,0,0,1,1,2,0,0,0,0,0,0,0,0,0,0,0,0,0,0,0,0,0,0,0,0,0,0,0,0,0,0,0,0,0,0,0,0,0,0,0,0,0,0,0
YL_1480,0,0,0,2,0,0,0,0,0,0,0,0,0,0,0,0,0,0,0,0,0,0,2,0,0,0,0,0,0,0,0,0,0,0,0,0,0,0,0,0,0,0,0,0,0,0,0,0
YL_1483,0,0,0,0,0,0,0,0,0,0,0,0,0,0,0,0,0,0,0,0,0,0,0,0,0,0,0,0,0,0,0,0,0,0,0,0,0,0,0,0,0,0,0,0,0,0,0,0
YL_1486,0,0,0,0,0,0,0,0,0,0,0,0,0,0,0,0,0,0,0,0,0,0,0,0,0,0,0,0,0,0,0,0,0,0,0,0,0,0,0,0,0,0,0,0,0,0,0,0
YL_1489,0,0,0,0,2,2,0,0,NA,0,0,0,0,0,0,0,0,0,0,0,0,0,0,0,0,0,0,0,0,0,NA,0,0,0,0,0,0,0,0,0,0,0,0,0,0,0,0,0
YL_1490,0,0,0,0,0,0,0,0,0,0,0,0,0,0,0,0,0,0,0,0,0,0,0,0,0,0,0,0,0,0,2,0,0,0,0,0,0,0,0,0,0,0,0,0,0,0,0,0
YL_1491,0,0,0,0,0,0,0,0,0,0,0,0,0,0,0,0,0,0,0,0,0,0,0,0,0,0,0,0,0,0,0,0,0,0,0,0,0,0,0,0,0,0,0,0,0,0,0,0
YL_1492,0,0,0,0,0,0,0,0,NA,0,0,0,0,0,0,0,0,0,0,0,0,0,0,2,0,0,0,0,0,2,0,0,0,0,2,0,2,2,2,2,0,0,0,0,0,0,0,0
YL_1493,0,0,0,0,0,0,0,0,0,0,0,0,0,0,0,0,0,0,0,0,0,0,0,0,0,0,0,0,0,0,0,0,0,0,0,0,0,0,0,0,0,0,0,0,0,0,0,0
YL_1495,0,0,0,0,0,0,0,0,0,0,0,0,0,0,0,0,0,0,0,0,0,0,0,0,0,0,0,0,0,0,0,0,0,0,0,0,0,0,0,0,0,0,0,0,0,0,0,0
YL_15,0,NA,NA,0,0,0,0,0,0,0,0,0,0,0,0,0,0,0,0,0,0,0,0,0,0,0,0,0,0,0,0,0,0,0,0,0,0,0,0,0,0,0,0,0,0,0,0,0
YL_151,0,0,0,0,0,0,0,0,2,2,0,2,0,0,2,2,0,0,0,2,2,0,0,0,0,2,2,0,2,0,0,2,2,0,0,0,0,0,0,0,2,2,2,2,0,0,0,0
YL_152,1,0,0,0,0,0,0,0,0,2,0,0,0,0,2,2,0,0,0,2,2,0,0,0,0,2,2,0,2,0,0,2,2,0,0,0,0,0,0,0,2,0,0,2,0,0,0,0
YL_153,0,0,0,0,0,0,0,0,0,0,0,0,0,0,0,0,0,0,0,0,0,0,0,0,0,0,0,0,0,0,0,0,0,0,0,0,0,0,0,0,0,0,0,0,0,0,0,0
YL_156,1,0,0,0,0,0,0,0,2,0,0,0,0,0,0,0,0,0,0,0,0,0,0,0,0,0,0,0,0,0,0,0,0,0,0,0,0,0,0,0,0,0,0,0,0,0,0,0
YL_1575,0,0,0,0,0,0,0,0,0,0,0,0,0,0,0,0,0,0,0,0,0,0,0,2,0,0,0,0,0,2,0,0,0,0,2,0,2,2,2,2,0,0,0,0,0,0,2,2
YL_1578,0,0,0,0,0,0,0,0,0,0,0,0,0,0,0,0,0,0,0,0,0,0,0,0,0,0,0,0,0,0,0,0,0,0,0,0,0,0,0,0,0,0,0,0,0,0,0,0
YL_1580,0,0,0,0,0,0,0,0,0,0,0,0,0,0,0,0,0,0,0,0,0,0,0,0,0,0,0,0,0,0,0,0,0,0,0,0,0,0,0,0,0,0,0,0,0,0,0,0
YL_1581,0,0,0,0,0,0,0,0,0,0,0,0,0,0,0,0,0,0,0,0,0,0,0,0,0,0,0,0,0,0,0,0,0,0,0,0,0,0,0,0,0,0,0,0,0,0,0,0
YL_1582,0,0,0,0,0,0,0,0,0,0,0,0,0,0,0,0,0,0,0,0,0,0,0,0,0,0,0,0,0,0,0,0,0,0,0,0,0,0,0,0,0,0,0,0,0,0,0,0
YL_1584,0,0,0,0,0,0,0,0,0,0,0,0,0,0,0,0,0,0,0,0,0,0,0,0,0,0,0,0,0,0,0,0,0,0,0,0,0,0,0,0,0,0,0,0,0,0,0,0
YL_1587,0,0,0,0,0,0,0,0,2,0,0,0,0,0,0,0,0,0,0,0,0,0,0,0,0,0,0,0,0,0,0,0,0,0,0,0,0,0,0,0,0,0,0,0,0,0,0,0
YL_1589,0,2,2,0,0,0,0,0,0,0,0,0,0,0,0,0,0,0,0,0,0,0,0,0,0,0,0,0,0,0,0,0,0,0,0,0,0,0,0,0,0,0,0,0,0,0,0,0
YL_16,0,0,0,0,0,0,0,0,0,0,0,0,0,0,0,0,0,0,0,0,0,0,0,0,0,0,0,0,0,0,0,0,0,0,0,0,0,0,0,0,0,0,0,0,0,0,0,0
YL_160,0,0,0,0,0,0,0,0,0,0,0,0,0,0,0,0,0,0,0,0,0,0,0,0,1,0,0,0,0,0,0,0,0,0,0,0,0,0,0,0,0,0,0,0,0,0,0,0
YL_1600,0,2,2,0,0,0,0,0,0,0,0,0,0,0,0,0,0,0,0,0,0,0,0,0,0,0,0,0,0,0,0,0,0,0,0,0,0,0,0,0,0,0,0,0,0,0,0,0
YL_1603,0,0,0,0,0,0,0,0,2,0,0,0,0,0,0,0,0,0,0,0,0,0,0,0,0,0,0,0,0,0,0,0,0,0,0,0,0,0,0,0,0,0,0,0,0,0,0,0
YL_1604,0,0,0,0,0,0,0,0,0,0,0,0,0,0,0,0,0,0,0,0,0,0,0,0,0,0,0,0,0,0,0,0,0,0,0,0,0,0,0,0,0,0,0,0,0,0,0,0
YL_1605,0,0,0,0,0,0,0,0,0,0,0,0,0,0,0,0,0,0,0,0,0,0,0,2,0,0,0,0,0,2,0,0,0,0,2,0,2,2,2,2,0,0,0,0,0,0,0,0
YL_1606,0,0,0,0,0,0,0,0,0,0,0,0,0,0,0,0,0,0,0,0,0,0,0,0,0,0,0,0,0,0,0,0,0,0,0,0,0,0,0,0,0,0,0,0,0,0,0,0
YL_1607,0,2,2,0,0,0,0,0,0,0,0,0,0,0,0,0,0,0,0,0,0,0,0,0,0,0,0,0,0,0,0,0,0,0,0,0,0,0,0,0,0,0,0,0,0,0,0,0
YL_161,0,0,0,0,0,0,0,0,0,0,0,0,0,0,0,0,0,0,0,0,0,0,0,0,0,0,0,0,0,0,0,0,0,0,0,0,0,0,0,0,0,0,0,0,0,0,0,0
YL_1612,0,0,0,0,0,0,0,0,2,0,0,0,0,0,0,0,0,0,0,0,0,0,0,0,0,0,0,0,0,0,0,0,0,0,0,0,0,0,0,0,0,0,0,0,0,0,0,0
YL_1615,0,0,0,0,0,0,0,0,0,0,0,0,0,0,0,0,0,0,0,0,0,0,0,0,0,0,0,0,0,0,0,0,0,0,0,0,0,0,0,0,0,0,0,0,0,0,0,0
YL_1616,0,0,0,0,0,0,0,0,NA,0,0,0,0,0,0,0,0,0,0,0,0,0,0,0,0,0,0,0,0,0,1,0,0,0,0,0,0,0,0,0,0,0,0,0,0,0,0,0
YL_1618,0,0,0,0,0,0,0,0,0,0,0,0,0,0,0,0,0,0,0,0,0,0,0,0,0,0,0,0,0,0,0,0,0,0,0,0,0,0,0,0,0,0,0,0,0,0,0,0
YL_162,0,0,0,0,0,0,0,0,0,0,0,0,0,0,0,0,0,0,0,0,0,0,0,0,0,0,0,0,0,0,0,0,0,0,0,0,0,0,0,0,0,0,0,0,0,0,0,0
YL_1620,0,0,0,0,1,1,0,0,0,0,0,0,0,0,0,0,0,0,0,0,0,0,0,0,0,0,0,0,0,0,0,0,0,0,0,0,0,0,0,0,0,0,0,0,0,0,0,0
YL_1621,0,0,0,0,0,0,1,1,0,0,0,0,0,0,0,0,0,0,0,0,0,0,0,0,0,0,0,0,0,0,0,0,0,0,0,0,0,0,0,0,0,0,0,0,0,0,0,0
YL_1624,0,0,0,0,0,0,0,0,2,0,0,0,0,0,0,0,0,0,0,0,0,0,0,0,0,0,0,0,0,0,0,0,0,0,0,0,0,0,0,0,0,0,0,0,0,0,0,0
YL_1631,0,0,0,0,0,0,0,0,0,2,0,0,0,0,2,2,0,0,0,2,2,0,0,0,0,2,2,0,2,0,0,2,2,0,0,0,0,0,0,0,2,0,0,2,0,0,0,0
YL_1633,0,0,0,0,0,0,0,0,0,0,0,0,0,0,0,0,0,0,0,0,0,0,0,0,0,0,0,0,0,0,0,0,0,0,0,0,0,0,0,0,0,0,0,0,0,0,0,0
YL_1634,0,NA,NA,0,0,0,0,0,0,0,0,0,0,0,0,0,0,0,0,0,0,0,0,2,0,0,0,0,0,2,0,0,0,0,2,0,2,2,2,2,0,0,0,0,0,0,0,0
YL_164,0,0,0,0,0,0,1,1,0,0,0,0,0,0,0,0,0,0,0,0,0,0,0,0,0,0,0,0,0,0,0,0,0,0,0,0,0,0,0,0,0,0,0,0,0,0,0,0
YL_165,0,0,0,0,0,0,0,0,2,0,0,0,0,0,0,0,0,0,0,0,0,0,0,0,0,0,0,0,0,0,0,0,0,0,0,0,0,0,0,0,0,0,0,0,0,0,0,0
YL_166,0,0,0,0,0,0,0,0,0,0,0,0,0,0,0,0,0,0,0,0,0,0,0,0,0,0,0,0,0,0,0,0,0,0,0,0,0,0,0,0,0,0,0,0,0,0,0,0
YL_167,0,2,2,0,0,0,0,0,NA,0,0,0,0,0,0,0,0,0,0,0,0,0,0,0,0,0,0,0,0,0,0,0,0,0,0,0,0,0,0,0,0,0,0,0,0,0,0,0
YL_168,1,0,0,0,0,0,0,0,0,0,0,0,0,0,0,0,0,0,0,0,0,0,0,0,0,0,0,0,0,0,0,0,0,0,0,0,0,0,0,0,0,0,0,0,0,0,0,0
YL_169,0,0,0,0,0,0,0,0,NA,0,0,0,0,0,0,0,0,0,0,0,0,0,0,0,0,0,0,0,0,0,0,0,0,0,0,0,0,0,0,0,0,0,0,0,0,0,0,0
YL_17,0,2,2,1,1,1,0,0,0,0,0,0,0,0,0,0,0,0,0,0,0,0,2,0,0,0,0,0,0,0,0,0,0,0,0,0,0,0,0,0,0,0,0,0,0,0,0,0
YL_170,0,0,0,0,0,0,0,0,0,0,0,0,0,0,0,0,0,0,0,0,0,0,0,0,0,0,0,0,0,0,0,0,0,0,0,0,0,0,0,0,0,0,0,0,0,0,0,0
YL_172,1,0,0,0,0,0,0,0,0,0,0,0,0,0,0,0,0,0,0,0,0,0,0,0,0,0,0,0,0,0,0,0,0,0,0,0,0,0,0,0,0,0,0,0,0,0,0,0
YL_173,0,0,0,0,0,0,0,0,0,0,0,0,0,0,0,0,0,0,0,0,0,0,0,0,0,0,0,0,0,0,0,0,0,0,0,0,0,0,0,0,0,0,0,0,0,0,0,0
YL_175,1,0,0,0,0,0,0,0,0,0,0,0,0,0,0,0,0,0,0,0,0,0,0,0,0,0,0,0,0,0,2,0,0,0,0,0,0,0,0,0,0,0,0,0,0,0,0,0
YL_176,0,0,0,0,0,0,0,0,2,0,0,0,0,0,0,0,0,0,0,0,0,0,0,0,0,0,0,0,0,0,0,0,0,0,0,0,0,0,0,0,0,0,0,0,0,0,0,0
YL_178,1,0,0,0,0,0,0,0,0,0,0,0,0,0,0,0,0,0,0,0,0,0,0,0,0,0,0,0,0,0,0,0,0,0,0,0,0,0,0,0,0,0,0,0,0,0,0,0
YL_18,1,0,0,0,0,0,0,0,0,0,0,NA,0,0,2,0,2,2,2,0,NA,0,2,2,0,0,0,0,NA,2,0,NA,NA,2,2,0,2,2,2,2,1,1,0,NA,0,0,0,0
YL_180,0,0,0,0,0,0,0,0,0,0,0,0,0,0,0,0,0,0,0,0,0,0,0,0,0,0,0,0,0,0,0,0,0,0,0,0,0,0,0,0,0,0,0,0,0,0,0,0
YL_181,1,0,0,0,0,0,0,0,0,0,0,0,0,0,0,0,0,0,0,0,0,0,0,0,0,0,0,0,0,0,0,0,0,0,0,0,0,0,0,0,0,0,0,0,0,NA,0,0
YL_185,2,0,0,0,NA,NA,0,0,0,0,0,0,0,0,0,0,0,0,0,0,0,0,0,0,0,0,0,0,0,0,0,0,0,0,0,0,0,0,0,0,0,0,0,0,0,0,0,0
YL_19,0,2,2,0,0,0,0,0,0,0,0,0,0,0,0,0,0,0,0,0,0,0,0,0,0,0,0,0,0,0,0,0,0,0,0,0,0,0,0,0,0,0,0,0,0,0,0,0
YL_193,1,0,0,0,2,2,0,0,NA,0,0,0,0,0,0,0,0,0,0,0,0,0,0,0,0,0,0,0,0,0,0,0,0,0,0,0,0,0,0,0,0,0,0,0,0,0,0,0
YL_195,2,0,0,0,2,2,0,0,0,NA,0,0,0,0,NA,NA,0,0,0,NA,NA,0,0,0,0,NA,NA,0,NA,0,0,NA,NA,0,0,0,0,0,0,0,NA,0,0,NA,0,0,0,0
YL_196,1,0,0,0,0,0,0,0,0,0,0,0,0,0,0,0,0,0,0,0,0,0,0,0,0,0,0,0,0,0,0,0,0,0,0,0,0,0,0,0,0,0,0,0,0,0,0,0
YL_197,0,0,0,0,0,0,0,0,NA,0,0,0,0,0,0,0,0,0,0,0,0,0,0,0,NA,0,0,0,0,0,0,0,0,0,0,0,0,0,0,0,0,0,0,0,0,0,0,0
YL_199,1,0,0,0,0,0,0,0,NA,0,0,0,0,0,0,0,0,0,0,0,0,0,0,0,0,0,0,0,0,0,0,0,0,0,0,0,0,0,0,0,0,0,0,0,0,NA,0,0
YL_20,0,0,0,0,0,0,0,0,0,0,0,0,0,0,0,0,0,0,0,0,0,0,0,0,0,0,0,0,0,0,0,0,0,0,0,0,0,0,0,0,0,0,0,0,0,0,0,0
YL_202,1,0,0,0,2,2,1,1,0,0,0,0,0,0,0,0,0,0,0,0,0,0,0,0,0,0,0,0,0,0,0,0,0,0,0,0,0,0,0,0,0,0,0,0,0,0,0,0
YL_208,2,0,0,0,2,2,0,0,0,0,0,0,0,0,0,0,0,0,0,0,0,0,0,0,0,0,0,0,0,0,0,0,0,0,0,0,0,0,0,0,0,0,0,0,0,0,0,0
YL_21,0,0,0,0,0,0,0,0,0,0,0,0,0,0,0,0,0,0,0,0,0,0,0,0,0,0,0,0,0,0,0,0,0,0,0,0,0,0,0,0,0,0,0,0,0,0,0,0
YL_210,2,0,0,2,2,2,0,0,0,2,0,NA,0,0,2,2,0,0,0,2,2,2,2,0,2,2,2,0,2,0,0,2,2,0,0,0,0,0,0,0,2,NA,NA,2,0,0,0,0
YL_211,2,0,0,0,2,2,0,0,0,0,0,0,0,0,0,0,0,0,0,0,0,0,0,0,0,0,0,0,0,0,0,0,0,0,0,0,0,0,0,0,0,0,0,0,0,0,0,0
YL_214,0,0,0,0,0,0,0,0,0,2,0,0,0,0,2,2,0,0,0,2,2,0,0,0,0,2,2,0,2,0,0,2,2,0,0,0,0,0,0,0,2,0,0,2,0,0,0,0
YL_215,2,0,0,0,2,2,0,0,0,0,0,0,0,0,0,0,0,0,0,0,0,0,0,0,0,0,0,0,0,0,0,0,0,0,0,0,0,0,0,0,0,0,0,0,0,0,0,0
YL_217,0,0,0,0,0,0,0,0,0,0,0,0,0,0,0,0,0,0,0,0,0,0,0,2,2,0,0,0,0,2,0,0,0,0,2,0,2,2,2,2,0,0,0,0,0,0,0,0
YL_219,1,0,0,0,0,0,0,0,0,0,0,0,0,0,0,0,0,0,0,0,0,0,0,0,2,0,0,0,0,0,0,0,0,0,0,0,0,0,0,0,0,0,0,0,0,0,0,0
YL_223,1,0,0,0,0,0,0,0,0,0,0,0,0,0,0,0,0,0,0,0,0,0,0,0,0,0,0,0,0,0,0,0,0,0,0,0,0,0,0,0,0,0,0,0,0,0,NA,NA
YL_225,1,0,0,0,0,0,0,0,NA,0,0,0,0,0,0,0,0,0,0,0,0,0,0,0,0,0,0,0,0,0,0,0,0,0,0,0,0,0,0,0,0,0,0,0,0,0,0,0
YL_23,0,0,0,0,0,0,0,0,0,0,0,0,0,0,0,0,0,0,0,0,0,0,0,0,0,0,0,0,0,0,0,0,0,0,0,0,0,0,0,0,0,0,0,0,0,0,0,0
YL_230,0,1,1,0,0,0,0,0,0,NA,0,0,0,0,1,1,0,0,0,0,NA,0,0,0,0,1,NA,0,NA,0,0,1,1,0,0,0,0,0,0,0,1,0,0,1,0,0,0,0
YL_231,0,0,0,0,0,0,0,0,0,0,0,0,0,0,0,0,0,0,0,0,0,0,0,0,0,0,0,0,0,0,0,0,0,0,0,0,0,0,0,0,0,0,0,0,0,0,0,0
YL_234,1,0,0,0,0,0,0,0,0,0,0,0,0,0,0,0,0,0,0,0,0,0,0,0,0,0,0,0,0,0,0,0,0,0,0,0,0,0,0,0,0,0,0,0,0,0,0,0
YL_236,0,NA,NA,0,0,0,0,0,0,0,0,0,0,0,0,0,0,0,0,0,0,0,0,0,0,0,0,0,0,0,0,0,0,0,0,0,0,0,0,0,0,0,0,0,0,0,0,0
YL_238,1,0,0,0,0,0,0,0,0,0,0,0,0,0,0,0,0,0,0,0,NA,0,0,0,0,0,0,0,NA,0,0,NA,NA,0,0,0,0,0,0,0,0,0,0,NA,0,0,0,0
YL_239,1,0,0,0,0,0,0,0,0,0,0,0,0,0,0,0,0,0,0,0,0,0,0,0,0,0,0,0,0,0,0,0,0,0,0,0,0,0,0,0,0,0,0,0,0,0,0,0
YL_24,0,0,0,0,0,0,0,0,0,NA,0,0,0,0,NA,NA,0,0,0,NA,NA,0,0,0,0,NA,NA,0,NA,0,0,NA,NA,0,0,0,0,0,0,0,NA,0,0,NA,0,0,0,0
YL_241,1,0,0,0,0,0,0,0,0,2,0,0,0,0,2,2,0,0,0,2,2,0,0,0,0,2,2,0,2,0,0,2,2,0,0,0,0,0,0,0,2,0,0,2,0,0,0,0
YL_242,1,0,0,0,0,0,0,0,0,0,0,0,0,0,0,0,0,0,0,0,0,0,0,0,0,0,0,0,0,0,0,0,0,0,0,0,0,0,0,0,0,0,0,0,0,0,0,0
YL_245,0,0,0,0,0,0,0,0,0,0,0,0,0,0,0,0,0,0,0,0,0,0,0,0,0,0,0,0,0,0,0,0,0,0,0,0,0,0,0,0,0,0,0,0,0,0,0,0
YL_247,0,0,0,0,0,0,0,0,0,0,0,0,0,0,0,0,0,0,0,0,0,0,0,0,0,0,0,0,0,0,0,0,0,0,0,0,0,0,0,0,0,0,0,0,0,0,0,0
YL_249,0,0,0,0,0,0,0,0,0,0,0,0,0,0,0,0,0,0,0,0,0,0,0,0,0,0,0,0,0,0,0,0,0,0,0,0,0,0,0,0,0,0,0,0,0,0,0,0
YL_25,0,0,0,0,0,0,0,0,0,0,0,0,0,0,0,0,0,0,0,0,0,0,0,0,0,0,0,0,0,0,0,0,0,0,0,0,0,0,0,0,0,0,0,0,0,0,0,0
YL_250,1,0,0,0,0,0,1,1,0,0,0,0,0,0,0,0,0,0,0,0,0,0,0,0,0,0,0,0,0,0,0,0,0,0,0,0,0,0,0,0,0,0,0,0,0,0,0,0
YL_251,1,0,0,0,0,0,0,0,0,0,0,0,0,0,0,0,0,0,0,0,0,0,0,0,0,0,0,0,0,0,0,0,0,0,0,0,0,0,0,0,0,0,0,0,0,0,0,0
YL_252,0,0,0,0,0,0,0,0,NA,0,0,0,0,0,0,0,0,0,0,0,0,0,0,0,2,0,0,0,0,0,0,0,0,0,0,0,0,0,0,0,0,0,0,0,0,0,0,0
YL_253,0,0,0,0,0,0,0,0,0,0,0,0,0,0,0,0,0,0,0,0,0,0,0,0,NA,0,0,0,0,0,0,0,0,0,0,0,0,0,0,0,0,0,0,0,0,0,0,0
YL_254,1,NA,2,0,0,0,0,0,0,0,0,0,0,0,0,0,0,0,0,0,0,0,0,0,0,0,0,0,0,0,0,0,0,0,0,0,0,0,0,0,0,0,0,0,0,0,0,0
YL_255,1,0,0,0,0,0,0,0,0,0,0,0,0,0,0,0,0,0,0,0,0,0,0,0,0,0,0,0,0,0,0,0,0,0,0,0,0,0,0,0,0,0,0,0,0,0,0,0
YL_258,1,0,0,0,0,0,0,0,0,NA,0,0,0,0,NA,NA,0,0,0,NA,NA,0,0,0,0,NA,NA,0,NA,0,0,NA,NA,0,0,0,0,0,0,0,NA,0,0,NA,0,0,0,0
YL_259,1,0,0,0,0,0,0,0,0,2,0,0,0,0,2,2,0,0,0,2,2,0,0,0,0,2,2,0,2,0,0,2,NA,0,0,0,0,0,0,0,2,0,0,NA,0,0,0,0
YL_26,1,0,0,0,0,0,0,0,0,0,0,0,0,0,0,0,0,0,0,0,0,0,0,0,2,0,0,0,0,0,0,0,0,0,0,0,0,0,0,0,0,0,0,0,0,0,0,0
YL_260,1,0,0,0,0,0,0,0,0,0,0,0,0,0,0,0,0,0,0,0,NA,0,0,0,NA,0,0,0,NA,0,0,0,0,0,0,0,0,0,0,0,0,0,0,0,0,0,0,0
YL_262,1,0,0,0,0,0,0,0,0,0,0,0,0,0,0,0,0,0,0,0,0,0,0,0,0,0,0,0,0,0,0,0,0,0,0,0,0,0,0,0,0,0,0,0,0,0,0,0
YL_263,1,0,0,0,0,0,0,0,0,0,0,0,0,0,0,0,0,0,0,0,0,0,0,0,0,0,0,0,0,0,0,0,0,0,0,0,0,0,0,0,0,0,0,0,NA,0,0,0
YL_265,0,0,0,0,0,0,0,0,0,0,0,0,0,0,0,0,0,0,0,0,0,0,0,0,0,0,0,0,0,0,0,0,0,0,0,0,0,0,0,0,0,0,0,0,0,0,0,0
YL_266,0,0,0,0,0,0,0,0,0,0,0,0,0,0,0,0,0,0,0,0,0,0,0,2,2,0,0,0,0,2,0,0,0,0,2,0,2,2,2,2,0,0,0,0,0,NA,0,0
YL_268,0,0,0,0,0,0,0,0,0,0,0,0,0,0,0,0,0,0,0,0,0,0,0,0,0,0,0,0,0,0,0,0,0,0,0,0,0,0,0,0,0,0,0,0,0,0,0,0
YL_273,0,2,2,0,0,0,0,0,0,0,0,0,0,0,0,0,0,0,0,0,0,0,0,0,0,0,0,0,0,0,0,0,0,0,0,0,0,0,0,0,0,0,0,0,0,0,0,0
YL_274,0,0,0,0,0,0,0,0,0,0,0,0,0,0,0,0,0,0,0,0,0,0,0,0,0,0,0,0,0,0,0,0,0,0,0,0,0,0,0,0,0,0,0,0,0,NA,0,0
YL_275,0,0,0,0,0,0,0,0,0,0,0,0,0,0,0,0,0,0,0,0,0,0,0,0,0,0,0,0,0,0,0,0,0,0,0,0,0,0,0,0,0,0,0,0,0,0,0,0
YL_276,0,0,0,0,0,0,0,0,0,0,0,0,0,0,0,0,0,0,0,0,0,0,0,0,0,0,0,0,0,0,0,0,0,0,0,0,0,0,0,0,0,0,0,0,0,0,0,0
YL_28,0,0,0,0,0,0,0,0,0,0,0,0,0,0,0,0,0,0,0,0,0,0,0,0,2,0,0,0,0,0,0,0,0,0,0,0,0,0,0,0,0,0,0,0,0,0,0,0
YL_280,0,0,0,0,0,0,0,0,0,0,0,0,0,0,0,0,0,0,0,0,0,0,0,0,0,0,0,0,0,0,0,0,0,0,0,0,0,0,0,0,0,0,0,0,0,NA,0,0
YL_281,0,0,0,0,0,0,0,0,NA,0,0,0,0,0,0,0,0,0,0,0,0,0,0,0,0,0,0,0,0,0,0,0,0,0,0,0,0,0,0,0,0,0,0,0,0,0,0,0
YL_283,0,2,2,0,0,0,0,0,0,0,0,0,0,0,0,0,0,0,0,0,0,0,0,0,0,0,0,0,0,0,0,0,0,0,0,0,0,0,0,0,0,0,0,0,0,0,0,0
YL_287,0,0,0,0,0,0,0,0,NA,0,0,0,0,0,0,0,0,0,0,0,0,0,0,0,0,0,0,0,0,0,0,0,0,0,0,0,0,0,0,0,0,0,0,0,0,0,0,0
YL_289,0,0,0,0,0,0,0,0,0,0,0,0,0,0,0,0,0,0,0,0,0,0,0,0,0,0,0,0,0,0,0,0,0,0,0,0,0,0,0,0,0,0,0,0,0,0,0,0
YL_29,0,0,0,0,0,0,0,0,NA,0,0,0,0,0,0,0,0,0,0,0,0,0,0,0,0,0,0,0,0,0,0,0,0,0,0,0,0,0,0,0,0,0,0,0,0,0,0,0
YL_290,1,0,0,0,0,0,0,0,0,0,0,0,0,0,0,0,0,0,0,0,0,0,0,0,0,0,0,0,0,0,0,0,0,0,0,0,0,0,0,0,0,0,0,0,0,0,0,0
YL_291,0,0,0,0,0,0,0,0,0,0,0,0,0,0,0,0,0,0,0,0,0,0,0,0,0,0,0,0,0,0,2,0,0,0,0,0,0,0,0,0,0,0,0,0,0,0,0,0
YL_293,1,0,0,0,0,0,0,0,0,0,0,0,0,0,0,0,0,0,0,0,0,0,0,2,0,0,0,0,0,2,0,0,0,0,2,0,2,2,2,2,0,0,0,0,0,0,0,0
YL_294,0,NA,NA,0,0,0,0,0,0,0,0,0,0,0,0,0,0,0,0,0,0,0,0,2,0,0,0,0,0,2,0,0,0,0,2,0,2,2,2,2,0,0,0,0,0,0,0,0
YL_299,0,0,0,0,0,0,0,0,0,0,0,0,0,0,0,0,0,0,0,0,0,0,0,0,0,0,0,0,0,0,1,0,0,0,0,0,0,0,0,0,0,0,0,0,0,0,0,0
YL_3,0,0,0,1,0,0,0,0,0,0,0,0,0,0,0,0,0,0,0,0,0,0,NA,0,0,0,0,0,0,0,0,0,0,0,0,0,0,0,0,0,0,0,0,0,0,0,0,0
YL_30,1,0,0,0,0,0,0,0,0,0,0,0,0,0,0,0,0,0,0,0,0,0,0,0,0,0,0,0,0,0,0,0,0,0,0,0,0,0,0,0,0,0,0,0,0,0,0,0
YL_305,0,0,0,0,0,0,0,0,0,0,0,0,0,0,0,0,0,0,0,0,0,0,0,0,0,0,0,0,0,0,0,0,0,0,0,0,0,0,0,0,0,0,0,0,0,0,0,0
YL_306,1,0,0,0,0,0,0,0,0,0,0,0,0,0,0,0,0,0,0,0,0,0,0,0,0,0,0,0,0,0,0,0,0,0,0,0,0,0,0,0,0,0,0,0,NA,0,0,0
YL_307,1,0,0,0,0,0,0,0,0,2,0,0,0,0,2,2,0,0,0,2,2,0,0,0,0,2,2,0,2,0,0,2,2,0,0,0,0,0,0,0,2,0,0,2,0,NA,0,0
YL_31,0,0,0,0,0,0,0,0,0,0,0,0,0,0,0,0,0,0,0,0,0,0,0,0,0,0,0,0,0,0,1,0,0,0,0,0,0,0,0,0,0,0,0,0,0,0,0,0
YL_310,0,2,2,0,0,0,1,1,0,0,0,2,0,0,0,0,0,0,0,0,0,0,0,0,0,0,0,0,0,0,0,0,0,0,0,0,0,0,0,0,0,2,2,0,0,0,0,0
YL_315,0,0,0,0,0,0,0,0,0,NA,0,0,0,0,NA,1,0,0,0,NA,NA,0,0,0,0,1,NA,0,NA,0,0,NA,NA,0,0,0,0,0,0,0,NA,0,0,NA,0,0,0,0
YL_316,0,0,0,0,0,0,0,0,0,2,0,0,0,0,2,2,0,0,0,2,2,0,0,0,0,2,2,0,2,0,0,2,2,0,0,0,0,0,0,0,2,0,0,2,0,0,0,0
YL_317,0,2,2,0,0,0,0,0,0,NA,0,0,0,0,0,0,0,0,0,0,NA,0,0,0,0,0,0,0,NA,0,0,NA,0,0,0,0,0,0,0,0,0,0,0,0,0,0,0,0
YL_318,0,0,0,0,0,0,0,0,0,2,0,0,0,0,2,2,0,0,0,2,2,0,0,0,0,2,2,0,2,0,0,2,2,0,0,0,0,0,0,0,2,0,0,2,0,0,0,0
YL_319,0,NA,NA,0,0,0,0,0,0,NA,0,0,0,0,0,2,0,0,0,NA,NA,0,0,0,0,2,2,0,NA,0,0,NA,0,0,0,0,0,0,0,0,0,0,0,0,0,0,0,0
YL_32,0,0,0,0,0,0,0,0,0,0,0,0,0,0,0,0,0,0,0,0,0,0,0,0,0,0,0,0,0,0,0,0,0,0,0,0,0,0,0,0,0,0,0,0,0,0,0,0
YL_320,0,0,0,0,0,0,0,0,0,0,0,0,0,0,0,0,0,0,0,0,0,0,0,2,0,0,0,0,0,2,0,0,0,0,2,0,2,2,2,2,0,0,0,0,0,0,0,0
YL_321,0,0,0,0,0,0,0,0,0,1,0,0,0,0,1,1,0,0,0,1,1,0,0,0,0,1,1,0,1,0,0,1,0,0,0,0,0,0,0,0,NA,0,0,0,0,0,0,0
YL_323,0,0,0,0,0,0,0,0,NA,0,0,0,0,0,0,0,0,0,0,0,0,0,0,0,0,0,0,0,0,0,0,0,0,0,0,0,0,0,0,0,0,0,0,0,0,0,0,0
YL_324,0,NA,NA,0,0,0,0,0,0,0,0,0,0,0,0,0,0,0,0,0,0,0,0,0,0,0,0,0,0,0,0,0,0,0,0,0,0,0,0,0,0,0,0,0,0,0,0,0
YL_325,0,2,2,0,0,0,0,0,0,0,0,0,0,0,0,0,0,0,0,0,0,0,0,0,0,0,0,0,0,0,0,0,0,0,0,0,0,0,0,0,0,0,0,0,0,0,0,0
YL_33,0,0,0,0,0,0,0,0,0,1,0,1,0,0,1,1,0,0,0,NA,1,0,1,0,0,1,NA,0,1,NA,0,1,NA,0,0,0,NA,NA,NA,NA,0,1,0,NA,0,0,0,0
YL_330,0,0,0,0,0,0,0,0,0,0,0,0,0,0,0,0,0,0,0,0,0,0,0,0,0,0,0,0,0,0,0,0,0,0,0,0,0,0,0,0,0,0,0,0,0,0,0,0
YL_34,1,NA,NA,0,0,0,0,0,0,0,0,0,0,0,0,0,0,0,0,0,0,0,0,0,0,0,0,0,0,0,0,0,0,0,0,0,0,0,0,0,0,0,0,0,0,0,0,0
YL_342,0,2,2,0,0,0,0,0,NA,2,0,NA,0,0,2,2,0,0,0,2,2,0,0,0,1,2,2,0,2,0,0,2,NA,0,0,0,0,0,0,0,NA,NA,NA,NA,0,0,0,0
YL_345,1,0,0,0,0,0,0,0,0,0,0,0,0,0,0,0,0,0,0,0,0,0,0,0,0,0,0,0,0,0,0,0,0,0,0,0,0,0,0,0,0,0,0,0,0,0,0,0
YL_346,2,0,0,0,2,2,0,0,0,0,0,0,0,0,0,0,0,0,0,0,0,0,0,0,0,0,0,0,0,0,0,0,0,0,0,0,0,0,0,0,0,0,0,0,0,0,0,0
YL_347,2,0,0,0,2,2,0,0,0,0,0,0,0,0,0,0,0,0,0,0,0,0,0,0,0,0,0,0,0,0,0,0,0,0,0,0,0,0,0,0,0,0,0,0,0,0,0,0
YL_348,2,2,2,0,2,2,0,0,0,0,0,0,0,0,0,0,0,0,0,0,0,0,0,0,0,0,0,0,0,0,0,0,0,0,0,0,0,0,0,0,0,0,0,0,0,0,0,0
YL_349,2,0,0,0,2,2,0,0,0,0,0,0,0,0,0,0,0,0,0,0,0,0,0,0,0,0,0,0,0,0,0,0,0,0,0,0,0,0,0,0,0,0,0,0,0,0,0,0
YL_35,1,0,0,0,0,0,0,0,0,0,0,0,0,0,0,0,0,0,0,0,0,0,0,0,0,0,0,0,0,0,0,0,0,0,0,0,0,0,0,0,0,0,0,0,0,NA,0,0
YL_350,1,0,0,0,1,1,0,0,0,2,0,0,0,0,2,2,0,0,0,2,2,0,0,0,0,2,2,0,2,0,0,2,2,0,0,0,0,0,0,0,2,0,0,2,0,0,0,0
YL_351,2,NA,NA,0,NA,NA,0,0,0,0,0,0,0,0,0,0,0,0,0,0,0,0,0,0,0,0,0,0,0,0,0,0,0,0,0,0,0,0,0,0,0,0,0,0,0,0,0,0
YL_352,1,0,0,0,2,2,0,0,0,0,0,0,0,0,0,0,0,0,0,0,0,0,0,1,0,0,0,0,0,1,0,0,0,0,1,0,1,1,1,1,0,0,0,0,0,0,0,0
YL_353,1,0,0,0,2,2,0,0,0,2,0,0,0,0,2,2,0,0,0,2,2,0,0,0,0,2,2,0,2,0,0,2,2,0,0,0,0,0,0,0,2,0,0,2,0,0,0,0
YL_354,1,0,0,0,1,1,0,0,0,2,0,0,0,0,2,2,0,0,0,2,2,0,0,0,0,2,2,0,2,0,0,2,2,0,0,0,0,0,0,0,2,0,0,2,0,0,0,0
YL_355,1,0,0,0,2,2,0,0,NA,0,0,0,0,0,0,0,0,0,0,0,0,0,0,0,0,0,0,0,0,0,0,0,0,0,0,0,0,0,0,0,0,0,0,0,0,0,0,0
YL_356,1,0,0,0,2,2,0,0,0,2,0,0,0,0,2,2,0,0,0,2,2,0,0,0,0,2,2,0,2,0,0,2,2,0,0,0,0,0,0,0,2,0,0,2,0,0,NA,NA
YL_357,2,0,0,0,1,1,0,0,0,0,0,0,0,0,0,0,0,0,0,0,0,0,0,0,0,0,0,0,0,0,0,0,0,0,0,0,0,0,0,0,0,0,0,0,0,0,0,0
YL_358,2,0,0,0,1,1,0,0,0,2,0,0,0,0,2,2,0,0,0,2,2,0,0,0,0,2,2,0,2,0,0,2,2,0,0,0,0,0,0,0,2,0,0,2,0,0,0,0
YL_359,1,0,0,1,1,1,0,0,0,2,0,0,0,0,2,2,0,0,0,2,2,0,0,0,0,2,2,0,2,0,0,2,2,0,0,0,0,0,0,0,2,0,0,2,0,0,0,0
YL_36,0,0,0,0,0,0,0,0,0,0,0,0,0,0,0,0,0,0,0,0,0,0,0,0,0,0,0,0,0,0,0,0,0,0,0,0,0,0,0,0,0,0,0,0,0,0,0,0
YL_366,1,0,0,0,2,2,0,0,0,0,0,0,0,0,0,0,0,0,0,0,0,0,0,0,0,0,0,0,0,0,0,0,0,0,0,0,0,0,0,0,0,0,0,0,0,0,0,0
YL_367,0,0,0,0,0,0,0,0,0,0,0,0,0,0,0,0,0,0,0,0,0,0,0,0,0,0,0,0,0,0,0,0,0,0,0,0,0,0,0,0,0,0,0,0,0,0,0,0
YL_37,1,0,0,0,2,2,0,0,0,0,0,0,0,0,0,0,0,0,0,0,0,0,0,0,0,0,0,0,0,0,0,0,0,0,0,0,0,0,0,0,0,0,0,0,0,0,0,0
YL_370,1,0,0,0,1,1,0,0,0,2,0,0,0,0,2,2,0,0,0,2,2,0,0,0,0,2,2,0,2,0,NA,2,2,0,0,0,0,0,0,0,2,0,0,2,0,0,0,0
YL_371,0,0,0,0,0,0,0,0,0,0,0,0,0,0,0,0,0,0,0,0,0,0,0,0,0,0,0,0,0,0,0,0,0,0,0,0,0,0,0,0,0,0,0,0,0,0,0,0
YL_373,1,0,0,0,2,2,0,0,0,2,0,0,0,0,2,2,0,0,0,2,2,0,0,0,0,2,2,0,2,0,0,2,2,0,0,0,0,0,0,0,2,0,0,2,0,NA,0,0
YL_377,0,0,0,0,0,0,0,0,0,0,0,0,0,0,0,0,0,0,0,0,0,0,0,0,0,0,0,0,0,0,0,0,0,0,0,0,0,0,0,0,0,0,0,0,0,0,0,0
YL_380,0,0,0,0,0,0,0,0,0,2,0,0,0,0,2,2,0,0,0,2,2,0,0,0,0,2,2,0,2,0,0,2,2,0,0,0,0,0,0,0,2,0,0,2,0,0,0,0
YL_384,0,0,0,0,0,0,0,0,0,2,0,0,0,0,2,2,0,0,0,2,2,0,0,0,NA,2,2,0,2,0,0,2,2,0,0,0,0,0,0,0,2,0,0,2,0,0,0,0
YL_385,0,2,2,0,0,0,0,0,0,2,0,0,0,0,2,2,0,0,0,2,2,0,0,0,0,2,2,0,2,0,0,2,2,0,0,0,0,0,0,0,2,0,0,2,0,0,0,0
YL_387,0,0,0,0,0,0,0,0,0,2,0,0,0,0,2,2,0,0,0,2,2,0,0,0,0,2,2,0,2,0,0,2,2,0,0,0,0,0,0,0,2,0,0,2,0,0,0,0
YL_39,1,0,0,0,2,2,0,0,0,1,0,0,0,0,1,1,0,0,0,1,1,0,0,0,0,1,1,0,1,0,0,1,NA,0,0,0,0,0,0,0,1,0,0,NA,0,0,0,0
YL_4,0,0,0,0,0,0,0,0,0,0,0,0,0,0,0,0,0,0,0,0,0,0,0,0,0,0,0,0,0,0,0,0,0,0,0,0,0,0,0,0,0,0,0,0,0,0,0,0
YL_403,0,0,0,0,0,0,0,0,0,0,0,0,0,0,0,0,0,0,0,0,0,0,0,0,0,0,0,0,0,0,0,0,0,0,0,0,0,0,0,0,0,0,0,0,0,0,0,0
YL_405,0,0,0,0,0,0,0,0,0,2,0,0,0,0,2,2,0,0,0,2,2,0,0,0,0,2,2,0,2,0,0,2,2,0,0,0,0,0,0,0,2,0,0,2,0,0,0,0
YL_408,0,0,0,0,0,0,0,0,0,2,0,0,0,0,2,2,0,0,0,2,2,0,0,0,0,2,2,0,2,0,0,2,2,0,0,0,0,0,0,0,2,0,0,2,0,0,0,0
YL_411,0,0,0,0,0,0,0,0,0,0,0,0,0,0,0,0,0,0,0,0,0,0,0,0,0,0,0,0,0,0,2,0,0,0,0,0,0,0,0,0,0,0,0,0,0,0,0,0
YL_412,0,0,0,0,0,0,0,0,2,0,0,0,0,0,0,0,0,0,0,0,0,0,0,0,0,0,0,0,0,0,0,0,0,0,0,0,0,0,0,0,0,0,0,0,0,0,0,0
YL_413,0,0,0,0,0,0,0,0,0,2,0,0,0,0,2,2,0,0,0,2,2,0,0,0,0,2,2,0,2,0,0,2,2,0,0,0,0,0,0,0,2,0,0,2,0,0,NA,NA
YL_415,0,2,2,0,0,0,0,0,0,0,0,0,0,0,0,0,0,0,0,0,0,0,0,0,0,0,0,0,0,0,0,0,0,0,0,0,0,0,0,0,0,0,0,0,0,0,0,0
YL_416,0,0,0,0,0,0,1,1,0,0,0,0,0,0,0,0,0,0,0,0,0,0,0,0,0,0,0,0,0,0,0,0,0,0,0,0,0,0,0,0,0,0,0,0,0,0,0,0
YL_417,0,2,2,0,0,0,0,0,0,0,0,0,0,0,0,0,0,0,0,0,0,0,0,0,0,0,0,0,0,0,0,0,0,0,0,0,0,0,0,0,0,0,0,0,0,0,0,0
YL_418,0,0,0,0,0,0,0,0,0,0,0,0,0,0,0,0,0,0,0,0,0,0,0,0,0,0,0,0,0,0,0,0,0,0,0,0,0,0,0,0,0,0,0,0,0,0,0,0
YL_419,0,0,0,0,0,0,0,0,0,2,0,0,0,0,2,2,0,0,0,2,2,0,0,0,0,2,2,0,2,0,0,2,2,0,0,0,0,0,0,0,2,0,0,2,0,2,0,0
YL_420,0,0,0,0,0,0,0,0,0,2,0,0,0,0,2,2,0,0,0,2,2,0,0,0,0,2,2,0,2,0,0,2,2,0,0,0,0,0,0,0,2,0,0,2,0,0,0,0
YL_422,0,0,0,0,0,0,1,1,0,2,0,0,0,0,2,2,0,0,0,2,2,0,0,0,0,2,2,0,2,0,0,2,2,0,0,0,0,0,0,0,2,0,0,2,0,0,0,0
YL_424,0,0,0,0,0,0,0,0,0,0,0,0,0,0,0,0,0,0,0,0,0,0,0,2,0,0,0,0,0,2,0,0,0,0,2,0,2,2,2,2,0,0,0,0,0,0,0,0
YL_426,0,0,0,0,0,0,0,0,0,0,0,0,0,0,0,0,0,0,0,0,0,0,0,2,0,0,0,0,0,2,0,0,0,0,2,0,2,2,2,2,0,0,0,0,0,0,0,0
YL_427,0,0,0,0,0,0,0,0,0,0,0,0,0,0,0,0,0,0,0,0,0,0,0,0,0,0,0,0,0,0,0,0,0,0,0,0,0,0,0,0,0,0,0,0,0,0,0,0
YL_428,0,0,0,0,0,0,0,0,0,2,0,0,0,0,2,2,0,0,0,2,2,0,0,0,0,2,2,0,2,0,1,2,2,0,0,0,0,0,0,0,2,0,0,2,0,0,0,0
YL_43,0,0,0,0,0,0,0,0,0,0,0,0,0,0,0,0,0,0,0,0,0,0,0,0,0,0,0,0,0,0,0,0,0,0,0,0,0,0,0,0,0,0,0,0,0,0,0,0
YL_430,0,0,0,1,0,0,0,0,0,2,0,0,0,0,2,2,0,0,0,2,2,0,2,0,0,2,2,0,2,0,0,2,2,0,0,0,0,0,0,0,2,0,0,2,0,0,0,0
YL_432,0,0,0,0,0,0,0,0,0,0,0,0,0,0,0,0,0,0,0,0,0,0,0,0,0,0,0,0,0,0,0,0,0,0,0,0,0,0,0,0,0,0,0,0,0,0,0,0
YL_435,0,0,0,0,0,0,0,0,0,0,0,0,0,0,0,0,0,0,0,0,0,0,0,0,0,0,0,0,0,0,0,0,0,0,0,0,0,0,0,0,0,0,0,0,0,0,0,0
YL_437,0,0,0,0,0,0,0,0,0,1,0,0,0,0,1,1,0,0,0,1,1,0,0,0,0,1,1,0,1,0,0,1,NA,0,0,0,0,0,0,0,NA,0,0,NA,0,0,0,0
YL_443,1,0,0,0,0,0,0,0,0,0,0,0,0,0,0,0,0,0,0,0,0,0,0,0,0,0,0,0,0,0,0,0,0,0,0,0,0,0,0,0,0,0,0,0,0,0,0,0
YL_444,1,0,0,0,0,0,0,0,NA,0,0,0,0,0,0,0,0,0,0,0,0,0,0,0,0,0,0,0,0,0,0,0,0,0,0,0,0,0,0,0,0,0,0,0,0,0,NA,NA
YL_445,1,0,0,0,0,0,0,0,NA,0,0,0,0,0,0,0,0,0,0,0,0,0,0,0,0,0,0,0,0,0,0,0,0,0,0,0,0,0,0,0,0,0,0,0,0,1,2,2
YL_446,1,0,0,0,0,0,0,0,NA,0,0,0,0,0,0,0,0,0,0,0,0,0,0,0,0,0,0,0,0,0,0,0,0,0,0,0,0,0,0,0,0,0,0,0,0,NA,0,0
YL_447,0,0,0,0,0,0,0,0,0,0,0,0,0,0,0,0,0,0,0,0,0,0,0,0,0,0,0,0,0,0,0,0,0,0,0,0,0,0,0,0,0,0,0,0,0,0,0,0
YL_448,1,0,0,0,0,0,0,0,0,0,0,0,0,0,0,0,0,0,0,0,0,0,0,2,0,0,0,0,0,2,0,0,0,0,2,0,2,2,2,2,0,0,0,0,0,0,0,0
YL_449,1,0,0,0,0,0,0,0,0,0,0,0,0,0,0,0,0,0,0,0,0,0,0,0,0,0,0,0,0,0,0,0,0,0,0,0,0,0,0,0,0,0,0,0,0,2,0,0
YL_450,0,0,0,0,0,0,0,0,NA,0,0,0,0,0,0,0,0,0,0,0,0,0,0,0,0,0,0,0,0,0,0,0,0,0,0,0,0,0,0,0,0,0,0,0,0,0,0,0
YL_451,1,0,0,0,0,0,0,0,NA,0,0,0,0,0,0,0,0,0,0,0,0,0,0,0,0,0,0,0,0,0,0,0,0,0,0,0,0,0,0,0,0,0,0,0,0,0,NA,NA
YL_452,1,0,0,0,0,0,0,0,0,2,0,0,0,0,2,2,0,0,0,2,2,0,0,0,0,2,2,0,2,0,0,2,2,0,0,0,0,0,0,0,2,0,0,2,0,0,0,0
YL_454,0,0,0,0,0,0,0,0,0,2,0,0,0,0,2,2,0,0,0,2,2,0,0,0,0,2,2,0,2,0,1,2,2,0,0,0,0,0,0,0,2,0,0,2,0,NA,0,0
YL_455,1,0,0,0,0,0,0,0,NA,0,0,0,0,0,0,0,0,0,0,0,0,0,0,0,0,0,0,0,0,0,0,0,0,0,0,0,0,0,0,0,0,0,0,0,0,0,0,0
YL_456,1,NA,NA,0,1,1,0,0,0,2,0,0,0,0,2,2,0,0,0,2,2,0,0,0,2,2,2,0,2,0,0,2,2,0,0,0,0,0,0,0,2,0,0,2,0,0,0,0
YL_459,1,0,0,0,0,0,0,0,0,0,0,0,0,0,0,0,0,0,0,0,0,0,0,0,0,0,0,0,0,0,0,0,0,0,0,0,0,0,0,0,0,0,0,0,0,0,0,0
YL_46,0,0,0,0,0,0,0,0,0,0,0,0,0,0,0,0,0,0,0,0,0,0,0,0,2,0,0,0,0,0,0,0,0,0,0,0,0,0,0,0,0,0,0,0,0,0,0,0
YL_460,1,0,0,0,0,0,0,0,0,0,0,0,0,0,0,0,0,0,0,0,0,0,0,0,0,0,0,0,0,0,0,0,0,0,0,0,0,0,0,0,0,0,0,0,0,0,0,0
YL_461,1,NA,NA,0,0,0,0,0,0,0,0,0,0,0,0,0,0,0,0,0,0,0,0,0,1,0,0,0,0,0,1,0,0,0,0,0,0,0,0,0,0,0,0,0,0,NA,0,0
YL_463,1,0,0,0,0,0,0,0,0,0,0,0,0,0,0,0,0,0,0,0,0,0,0,0,0,0,0,0,0,0,0,0,0,0,0,0,0,0,0,0,0,0,0,0,0,0,0,0
YL_464,0,0,0,0,0,0,0,0,0,0,0,0,0,0,0,0,0,0,0,0,0,0,0,0,0,0,0,0,0,0,0,0,0,0,0,0,0,0,0,0,0,0,0,0,0,0,0,0
YL_467,1,0,0,0,0,0,0,0,0,2,0,0,0,0,2,2,0,0,0,2,2,0,0,0,0,2,2,0,2,0,0,2,2,0,0,0,0,0,0,0,2,0,0,2,0,0,0,0
YL_47,0,0,0,0,0,0,0,0,NA,0,0,0,0,0,0,0,0,0,0,0,0,0,0,2,0,0,0,0,0,2,0,0,0,0,2,0,2,2,2,2,0,0,0,0,0,0,0,0
YL_474,0,0,0,0,0,0,0,0,NA,0,0,0,0,0,0,0,0,0,0,0,0,0,0,0,0,0,0,0,0,0,0,0,0,0,0,0,0,0,0,0,0,0,0,0,0,0,0,0
YL_475,0,0,0,0,0,0,0,0,0,0,0,0,0,0,0,0,0,0,0,0,0,0,0,0,0,0,0,0,0,0,0,0,0,0,0,0,0,0,0,0,0,0,0,0,0,0,0,0
YL_481,0,2,2,0,0,0,0,0,0,2,0,0,0,0,2,2,0,0,0,2,2,0,0,0,0,2,2,0,2,0,0,2,2,0,0,0,0,0,0,0,2,0,0,2,0,0,0,0
YL_485,0,0,0,0,0,0,0,0,0,0,0,0,0,0,0,0,0,0,0,0,0,0,0,0,0,0,0,0,0,0,0,0,0,0,0,0,0,0,0,0,0,0,0,0,0,0,0,0
YL_487,0,0,0,0,0,0,0,0,2,0,0,0,0,0,0,0,0,0,0,0,0,0,0,0,0,0,0,0,0,0,0,0,0,0,0,0,0,0,0,0,0,0,0,0,0,0,0,0
YL_488,1,NA,NA,0,0,0,0,0,0,2,0,0,0,0,2,2,0,0,0,2,2,0,0,0,0,2,2,0,2,0,0,2,2,0,0,0,0,0,0,0,2,0,0,2,0,0,1,1
YL_489,0,0,0,0,0,0,1,1,0,0,0,0,0,0,0,0,0,0,0,0,0,0,0,0,0,0,0,0,0,0,0,0,0,0,0,0,0,0,0,0,0,0,0,0,0,0,0,0
YL_494,0,0,0,0,0,0,0,0,0,0,0,0,0,0,0,0,0,0,0,0,0,0,0,0,0,0,0,0,0,0,0,0,0,0,0,0,0,0,0,0,0,0,0,0,0,1,0,0
YL_495,0,0,0,0,0,0,0,0,0,0,0,0,0,0,0,0,0,0,0,0,0,0,0,0,NA,0,0,0,0,0,0,0,0,0,0,0,0,0,0,0,0,0,0,0,0,0,0,0
YL_497,1,0,0,0,0,0,0,0,0,2,0,0,0,0,2,2,0,0,0,2,2,0,0,0,0,2,2,0,2,0,0,2,2,0,0,0,0,0,0,0,2,0,0,2,0,0,0,0
YL_498,0,0,0,0,0,0,0,0,0,2,0,0,0,0,2,2,0,0,0,2,2,0,0,0,0,2,2,0,2,0,0,2,2,0,0,0,0,0,0,0,2,0,0,2,0,0,0,0
YL_500,0,0,0,0,0,0,0,0,0,2,0,0,0,0,2,2,0,0,0,2,2,0,0,0,0,2,2,0,2,0,0,2,2,0,0,0,0,0,0,0,2,0,0,2,0,0,0,0
YL_501,0,2,2,0,0,0,0,0,0,2,0,0,0,0,2,2,0,0,0,2,2,0,0,0,0,2,2,0,2,0,0,2,2,0,0,0,0,0,0,0,2,0,0,2,0,0,0,0
YL_505,0,0,0,0,0,0,0,0,0,2,0,0,0,0,2,2,0,0,0,2,2,0,0,0,0,2,2,0,2,0,0,2,2,0,0,0,0,0,0,0,2,0,0,2,0,0,0,0
YL_506,0,0,0,0,0,0,0,0,0,2,0,0,0,0,2,2,0,0,0,2,2,0,0,0,0,2,2,0,2,0,0,2,2,0,0,0,0,0,0,0,2,0,0,2,0,0,0,0
YL_507,0,0,0,0,0,0,0,0,2,2,0,0,0,0,2,2,0,0,0,2,2,0,0,0,0,2,2,0,2,0,0,2,2,0,0,0,0,0,0,0,2,0,0,2,0,0,0,0
YL_512,0,0,0,0,0,0,0,0,0,2,0,0,0,0,2,2,0,0,0,2,2,0,0,0,0,2,2,0,2,0,0,2,2,0,0,0,0,0,0,0,2,0,0,2,0,2,0,0
YL_520,0,0,0,0,0,0,0,0,0,2,0,0,0,0,2,2,0,0,0,2,2,0,0,0,0,2,2,0,2,0,0,2,2,0,0,0,0,0,0,0,2,0,0,2,0,0,0,0
YL_521,0,0,0,0,0,0,0,0,0,2,0,0,0,0,2,2,0,0,0,2,2,0,0,0,0,2,2,0,2,0,0,2,2,0,0,0,0,0,0,0,2,0,0,2,0,0,0,0
YL_523,0,2,2,0,0,0,0,0,0,2,0,0,0,0,2,2,0,0,0,2,2,0,0,0,0,2,2,0,2,0,0,2,2,0,0,0,0,0,0,0,2,0,0,2,0,0,0,0
YL_524,0,0,0,0,0,0,0,0,0,1,0,0,0,0,1,1,0,0,0,1,1,0,0,0,0,1,1,0,1,0,0,1,NA,0,0,0,0,0,0,0,1,0,0,NA,0,0,0,0
YL_530,0,0,0,0,0,0,0,0,2,2,0,0,0,0,2,2,0,0,0,2,2,0,0,0,0,2,2,0,2,0,0,2,2,0,0,0,0,0,0,0,2,0,0,2,0,0,0,0
YL_531,0,0,0,0,0,0,0,0,0,0,0,0,0,0,0,0,0,0,0,0,0,0,0,0,0,0,0,0,0,0,0,0,0,0,0,0,0,0,0,0,0,0,0,0,0,NA,0,0
YL_538,0,0,0,0,0,0,0,0,0,2,0,0,0,0,2,2,0,0,0,2,2,0,0,0,0,2,2,0,2,0,0,2,2,0,0,0,0,0,0,0,1,0,0,2,0,0,0,0
YL_54,1,0,0,0,1,1,0,0,0,0,0,0,0,0,0,0,0,0,0,0,0,0,0,0,0,0,0,0,0,0,0,0,0,0,0,0,0,0,0,0,0,0,0,0,0,0,0,0
YL_540,0,0,0,0,0,0,1,1,0,2,0,0,0,0,2,2,0,0,0,2,2,0,0,0,0,2,2,0,2,0,0,2,2,0,0,0,0,0,0,0,2,0,0,2,0,0,0,0
YL_542,0,0,0,0,0,0,1,1,0,2,0,0,0,0,2,2,0,0,0,2,2,0,0,0,0,2,2,0,2,0,0,2,2,0,0,0,0,0,0,0,2,0,0,2,0,0,0,0
YL_545,0,0,0,0,0,0,0,0,0,2,0,0,0,0,2,2,0,0,0,2,2,0,0,0,0,2,2,0,2,0,0,2,2,0,0,0,0,0,0,0,2,0,0,2,0,0,0,0
YL_547,0,1,1,0,0,0,0,0,0,2,0,0,0,0,2,2,0,0,0,2,2,0,0,0,0,2,2,0,2,0,0,2,2,0,0,0,0,0,0,0,2,0,0,2,0,0,0,0
YL_548,0,0,0,0,0,0,0,0,0,2,0,0,0,0,2,2,0,0,0,2,2,0,0,0,0,2,2,0,2,0,0,2,2,0,0,0,0,0,0,0,2,0,0,2,0,0,0,0
YL_550,0,0,0,0,1,1,0,0,0,2,2,0,0,0,2,2,0,0,0,2,2,0,0,0,0,2,2,2,2,0,0,2,2,0,0,NA,0,0,0,0,2,0,0,2,0,2,0,0
YL_551,0,0,0,0,0,0,0,0,0,2,0,0,0,0,2,2,0,0,0,2,2,0,0,0,0,2,2,0,2,0,0,2,2,0,0,0,0,0,0,0,2,0,0,2,0,0,0,0
YL_552,0,0,0,0,0,0,0,0,0,2,0,0,0,0,2,2,0,0,0,2,2,0,0,0,0,2,2,0,2,0,0,2,2,0,0,0,0,0,0,0,2,0,0,2,0,0,0,0
YL_554,0,0,0,0,0,0,0,0,0,2,0,0,0,0,2,2,0,0,0,2,2,0,0,0,0,2,2,0,2,0,0,2,2,0,0,0,0,0,0,0,2,0,0,2,0,0,0,0
YL_558,1,NA,NA,0,0,0,0,0,0,2,0,0,0,0,2,2,0,0,0,2,2,0,0,0,0,2,2,0,2,0,0,2,2,0,0,0,0,0,0,0,2,0,0,2,0,0,0,0
YL_56,1,0,0,0,1,1,0,0,0,0,0,0,0,0,0,0,0,0,0,0,0,0,0,0,0,0,0,0,0,0,0,0,0,0,0,0,0,0,0,0,0,0,0,0,0,0,0,0
YL_560,0,0,0,0,0,0,0,0,0,2,0,0,0,0,2,2,0,0,0,2,2,0,0,0,NA,2,2,0,2,0,0,2,2,0,0,0,0,0,0,0,2,0,0,2,0,0,0,0
YL_561,0,0,0,0,0,0,0,0,0,2,0,0,0,0,2,2,0,0,0,2,2,0,0,0,0,2,2,0,2,0,0,2,2,0,0,0,0,0,0,0,2,0,0,2,0,2,0,0
YL_563,1,0,0,0,0,0,0,0,0,2,0,0,0,0,2,2,0,0,0,2,2,0,0,0,0,2,2,0,2,0,0,2,2,0,0,0,0,0,0,0,2,0,0,2,0,0,0,0
YL_568,0,0,0,0,0,0,0,0,0,2,0,0,0,0,2,2,0,0,0,2,2,0,0,0,0,2,2,0,2,0,0,2,2,0,0,0,0,0,0,0,2,0,0,2,0,0,0,0
YL_569,0,0,0,0,0,0,0,0,0,0,0,0,0,0,0,0,0,0,0,0,0,0,0,0,0,0,0,0,0,0,0,0,0,0,0,0,0,0,0,0,0,0,0,0,0,0,0,0
YL_57,1,2,2,0,2,2,0,0,0,0,0,0,0,0,0,0,0,0,0,0,0,0,0,0,0,0,0,0,0,0,0,0,0,0,0,0,0,0,0,0,0,0,0,0,0,0,0,0
YL_570,0,0,0,0,0,0,0,0,0,2,0,0,0,0,2,2,0,0,0,2,2,0,0,0,0,2,2,0,2,0,0,2,2,0,0,0,0,0,0,0,2,0,0,2,0,0,0,0
YL_571,0,NA,NA,0,0,0,1,1,0,0,0,0,0,0,0,0,0,0,0,0,0,0,0,0,0,0,0,0,0,0,0,0,0,0,0,0,0,0,0,0,0,0,0,0,0,0,0,0
YL_572,0,0,0,0,0,0,0,0,1,0,0,0,0,0,0,0,0,0,0,0,0,0,0,0,0,0,0,0,0,0,0,0,0,0,0,0,0,0,0,0,0,0,0,0,0,0,0,0
YL_573,0,0,0,0,0,0,0,0,0,2,0,0,0,0,2,2,0,0,0,2,2,0,0,0,0,2,2,0,2,0,0,2,2,0,0,0,0,0,0,0,2,0,0,2,0,0,0,0
YL_575,0,0,0,0,0,0,0,0,0,0,0,0,0,0,0,0,0,0,0,0,0,0,0,0,0,0,0,0,0,0,1,0,0,0,0,0,0,0,0,0,0,0,0,0,0,0,0,0
YL_58,1,0,0,0,2,2,0,0,0,0,0,0,0,0,0,0,0,0,0,0,0,0,0,0,0,0,0,0,0,0,0,0,0,0,0,0,0,0,0,0,0,0,0,0,0,0,0,0
YL_580,0,0,0,0,0,0,0,0,0,1,0,0,1,0,NA,1,0,0,0,1,1,0,0,0,0,1,1,0,1,0,0,1,2,0,0,0,0,0,0,0,NA,0,0,2,2,0,0,0
YL_582,0,0,0,0,0,0,0,0,NA,2,0,0,0,0,2,2,0,0,0,2,2,0,0,0,0,2,2,0,2,0,0,2,2,0,0,0,0,0,0,0,2,0,0,2,0,0,0,0
YL_587,0,0,0,0,0,0,0,0,0,2,0,0,0,0,2,2,NA,NA,NA,2,2,0,0,0,0,2,2,0,2,0,0,2,2,NA,0,0,0,0,0,0,2,0,0,2,0,NA,0,0
YL_588,0,0,0,0,0,0,0,0,0,2,0,0,0,0,2,2,0,0,0,2,2,0,0,0,0,2,2,0,2,0,0,2,2,0,0,0,0,0,0,0,2,0,0,2,0,0,0,0
YL_59,1,0,0,0,1,1,0,0,0,0,0,0,0,0,0,0,0,0,0,0,0,0,0,0,0,0,0,0,0,0,0,0,0,0,0,0,0,0,0,0,0,0,0,0,0,0,0,0
YL_593,0,2,2,0,0,0,0,0,0,0,0,0,0,0,0,0,0,0,0,0,0,0,0,0,0,0,0,0,0,0,0,0,0,0,0,0,0,0,0,0,0,0,0,0,0,0,0,0
YL_597,0,0,0,0,0,0,0,0,NA,2,0,0,0,0,2,2,0,0,0,2,2,0,0,0,0,2,2,0,2,0,0,2,2,0,0,0,0,0,0,0,2,0,0,2,0,0,NA,NA
YL_60,1,0,0,0,1,1,0,0,0,0,0,0,0,0,0,0,0,0,0,0,0,0,0,0,0,0,0,0,0,0,0,0,0,0,0,0,0,0,0,0,0,0,0,0,0,0,0,0
YL_601,0,0,0,0,0,0,0,0,0,2,0,0,0,0,2,2,0,0,0,2,2,0,0,0,0,2,2,0,2,0,0,2,2,0,0,0,0,0,0,0,2,0,0,2,0,0,0,0
YL_604,0,2,2,0,0,0,0,0,0,0,0,0,0,0,0,0,0,0,0,0,0,0,0,0,0,0,0,0,0,0,0,0,0,0,0,0,0,0,0,0,0,0,0,0,0,0,0,0
YL_605,0,0,0,0,0,0,0,0,2,2,0,0,0,1,2,2,0,0,0,2,2,0,0,0,0,2,2,0,2,0,0,2,2,0,0,0,0,0,0,0,2,0,0,2,0,0,0,0
YL_606,0,0,0,0,0,0,0,0,0,2,0,0,0,0,2,2,0,0,0,2,2,0,0,0,0,2,2,0,2,0,0,2,2,0,0,0,0,0,0,0,2,0,0,2,0,0,0,0
YL_61,1,0,0,0,2,2,0,0,0,0,0,0,0,0,0,0,0,0,0,0,0,0,0,0,0,0,0,0,0,0,0,0,0,0,0,0,0,0,0,0,0,0,0,0,0,0,0,0
YL_616,0,0,0,0,0,0,0,0,0,2,0,0,0,0,2,2,0,0,0,2,2,0,0,0,0,2,2,0,2,0,0,2,2,0,0,0,0,0,0,0,2,0,0,2,0,0,0,0
YL_62,1,0,0,0,2,2,0,0,2,0,0,0,0,0,0,0,0,0,0,0,0,0,0,0,0,0,0,0,0,0,0,0,0,0,0,0,0,0,0,0,0,0,0,0,0,0,0,0
YL_625,1,2,2,1,0,0,0,0,0,2,0,0,0,0,2,2,0,0,0,2,2,0,2,0,0,2,2,0,2,0,0,2,2,0,0,0,0,0,0,0,2,0,0,2,0,0,0,0
YL_627,0,0,0,0,0,0,0,0,0,2,0,0,0,0,2,2,0,0,0,2,2,0,0,0,0,2,2,0,2,0,0,2,2,0,0,0,0,0,0,0,2,0,0,2,0,0,0,0
YL_628,0,0,0,0,0,0,0,0,0,2,0,0,0,0,2,2,0,0,0,2,2,0,0,0,0,2,2,0,2,0,0,2,2,0,0,0,0,0,0,0,2,0,0,2,0,0,0,0
YL_630,0,0,0,0,0,0,0,0,0,2,0,0,0,0,2,2,0,0,0,2,2,0,0,0,0,2,2,0,2,0,0,2,2,0,0,0,0,0,0,0,2,0,0,2,0,0,0,0
YL_633,1,0,0,0,0,0,0,0,0,2,0,0,0,0,2,2,0,0,0,2,2,0,0,0,0,2,2,0,2,0,0,2,2,0,0,0,0,0,0,0,2,0,0,2,0,NA,0,0
YL_634,0,0,0,0,0,0,0,0,0,2,0,0,0,0,2,2,0,0,0,2,2,0,0,0,0,2,2,0,2,0,0,2,1,0,0,0,0,0,0,0,NA,0,0,1,0,0,0,0
YL_639,0,0,0,0,0,0,0,0,0,2,0,0,0,0,2,2,0,0,0,2,2,0,0,0,0,2,2,0,2,0,0,2,2,0,0,0,0,0,0,0,2,0,0,2,0,0,0,0
YL_64,1,0,0,0,2,2,0,0,0,0,0,0,0,0,0,0,0,0,0,0,0,0,0,0,0,0,0,0,0,0,0,0,0,0,0,0,0,0,0,0,0,0,0,0,0,0,0,0
YL_640,0,0,0,0,0,0,0,0,0,0,0,0,0,0,0,0,0,0,0,0,0,0,0,0,0,0,0,0,0,0,0,0,0,0,0,0,0,0,0,0,0,0,0,0,0,0,0,0
YL_641,0,0,0,0,0,0,1,1,0,2,0,0,0,0,2,2,0,0,0,2,2,0,0,0,0,2,2,0,2,0,0,2,2,0,0,0,0,0,0,0,2,0,0,2,0,0,0,0
YL_642,0,0,0,0,0,0,0,0,0,2,0,0,0,0,2,2,0,0,0,2,2,0,0,0,0,2,2,0,2,0,0,2,2,0,0,0,0,0,0,0,2,0,0,2,0,0,0,0
YL_645,0,0,0,0,0,0,0,0,0,2,0,0,0,0,2,2,0,0,0,2,2,0,0,0,0,2,2,0,2,0,0,2,2,0,0,0,0,0,0,0,2,0,0,2,0,0,0,0
YL_650,0,0,0,0,0,0,0,0,0,2,0,0,0,0,2,2,0,0,0,2,2,0,0,0,0,2,2,0,2,0,0,2,2,0,0,0,0,0,0,0,2,0,0,2,0,0,0,0
YL_651,0,2,2,0,0,0,0,0,2,2,0,0,0,0,2,2,0,0,0,2,2,0,0,0,0,2,2,0,2,0,0,2,2,0,0,0,0,0,0,0,2,0,0,2,0,0,0,0
YL_653,0,NA,NA,0,0,0,0,0,0,2,0,0,0,0,2,2,0,0,0,2,2,0,0,0,0,2,2,0,2,0,0,2,2,0,0,0,0,0,0,0,2,0,0,2,0,0,0,0
YL_656,0,0,0,0,0,0,0,0,0,0,0,0,0,0,0,0,0,0,0,0,0,0,0,0,0,0,0,0,0,0,0,0,0,0,0,0,0,0,0,0,0,0,0,0,0,2,0,0
YL_657,0,0,0,0,0,0,0,0,0,2,0,0,0,0,2,2,0,0,0,2,2,0,0,0,0,2,2,0,2,0,0,2,2,0,0,0,0,0,0,0,2,0,0,2,0,0,0,0
YL_659,0,0,0,0,0,0,0,0,0,0,0,0,0,0,0,0,0,0,0,0,0,0,0,0,0,0,0,0,0,0,0,0,0,0,0,0,0,0,0,0,0,0,0,0,0,0,0,0
YL_66,1,0,0,0,2,2,0,0,0,0,0,0,0,0,0,0,0,0,0,0,0,0,0,0,0,0,0,0,0,0,0,0,0,0,0,0,0,0,0,0,0,0,0,0,0,0,0,0
YL_660,1,0,0,0,0,0,0,0,0,0,0,0,0,0,0,0,0,0,0,0,0,0,0,0,0,0,0,0,0,0,0,0,0,0,0,0,0,0,0,0,0,0,0,0,0,0,0,0
YL_664,0,0,0,0,0,0,0,0,0,0,0,0,0,0,0,0,0,0,0,0,0,0,0,0,0,0,0,0,0,0,0,0,0,0,0,0,0,0,0,0,0,0,0,0,0,0,0,0
YL_67,2,0,0,0,NA,NA,0,0,0,0,0,0,0,0,0,0,0,0,0,0,0,0,0,0,0,0,0,0,0,0,0,0,0,0,0,0,0,0,0,0,0,0,0,0,0,0,0,0
YL_670,1,0,0,0,0,0,0,0,0,2,0,0,0,0,2,2,0,0,0,2,2,0,0,0,0,2,2,0,2,0,0,2,2,0,0,0,0,0,0,0,2,0,0,2,0,0,0,0
YL_671,0,0,0,0,0,0,0,0,NA,2,0,0,0,0,2,2,0,0,0,2,2,0,0,0,0,2,2,0,2,0,0,2,NA,0,0,0,0,0,0,0,2,0,0,2,0,0,0,0
YL_673,0,2,2,0,0,0,0,0,0,2,0,0,0,0,2,2,0,0,0,2,2,0,0,0,0,2,2,0,2,0,0,2,2,0,0,0,0,0,0,0,2,0,0,2,0,NA,0,0
YL_674,0,2,2,0,0,0,0,0,0,0,0,0,0,0,0,0,0,0,0,0,0,0,0,0,0,0,0,0,0,0,0,0,0,0,0,0,0,0,0,0,0,0,0,0,0,0,0,0
YL_678,0,0,0,0,0,0,0,0,0,2,0,0,0,0,2,2,0,0,0,2,2,0,0,0,0,2,2,0,2,0,0,2,2,0,0,0,0,0,0,0,2,0,0,2,0,0,0,0
YL_679,0,0,0,0,0,0,0,0,0,2,0,0,0,0,2,2,0,0,0,2,2,0,0,0,0,2,2,0,2,0,0,2,2,0,0,0,0,0,0,0,2,0,0,2,0,0,0,0
YL_68,1,0,0,1,2,2,0,0,0,0,0,0,0,0,0,0,0,0,0,0,0,0,2,0,0,0,0,0,0,0,0,0,0,0,0,0,0,0,0,0,0,0,0,0,0,0,0,0
YL_680,0,0,0,0,0,0,0,0,0,2,0,0,0,0,2,2,0,0,0,2,2,0,0,0,0,2,2,0,2,0,0,2,2,0,0,0,0,0,0,0,2,0,0,2,0,NA,0,0
YL_682,0,0,0,0,0,0,1,1,0,2,0,0,0,0,2,2,0,0,0,2,2,0,0,0,0,2,2,0,2,0,0,2,2,0,0,0,0,0,0,0,2,0,0,2,0,0,0,0
YL_683,0,0,0,0,0,0,0,0,0,2,0,0,0,0,2,2,0,0,0,2,2,0,0,0,0,2,2,0,2,0,0,2,2,0,0,0,0,0,0,0,2,0,0,2,0,2,0,0
YL_684,1,0,0,0,0,0,0,0,0,2,0,0,0,0,2,2,0,0,0,2,2,0,0,0,0,2,2,0,2,0,0,2,2,0,0,0,0,0,0,0,2,0,0,2,0,0,0,0
YL_685,0,0,0,0,0,0,0,0,0,2,0,0,0,0,2,2,0,0,0,2,2,0,0,0,0,2,2,0,2,0,0,2,2,0,0,0,0,0,0,0,2,0,0,2,0,0,0,0
YL_686,0,0,0,NA,0,0,0,0,0,2,0,0,0,0,2,2,0,0,0,1,2,0,2,2,0,2,2,0,NA,2,0,NA,2,0,2,2,2,2,2,2,NA,2,0,0,0,0,0,0
YL_687,0,0,0,0,0,0,0,0,0,2,0,0,0,0,2,2,0,0,0,2,2,0,0,0,0,2,2,0,2,0,0,2,2,0,0,0,0,0,0,0,2,0,0,2,0,0,0,0
YL_688,0,0,0,0,0,0,0,0,0,2,0,0,0,0,2,2,0,0,0,2,2,0,0,0,0,2,2,0,2,0,0,2,2,0,0,0,0,0,0,0,2,0,0,2,0,0,0,0
YL_69,0,0,0,0,0,0,0,0,0,0,0,0,0,0,0,0,0,0,0,0,0,0,0,0,2,0,0,0,0,0,0,0,0,0,0,0,0,0,0,0,0,0,0,0,0,0,0,0
YL_690,0,0,0,0,0,0,0,0,0,2,0,0,0,0,2,2,0,0,0,2,2,0,0,0,0,2,2,0,2,0,0,2,2,0,0,0,0,0,0,0,2,0,0,2,0,0,0,0
YL_691,0,0,0,0,0,0,0,0,0,2,0,0,0,0,2,2,0,0,0,2,2,0,0,0,0,2,2,0,2,0,0,2,2,0,0,0,0,0,0,0,2,0,0,2,0,0,0,0
YL_694,0,2,2,0,0,0,0,0,0,2,0,0,0,0,2,2,0,0,0,2,2,0,0,0,0,2,2,0,2,0,0,2,2,0,0,0,0,0,0,0,2,0,0,2,0,0,0,0
YL_699,0,2,2,0,0,0,0,0,0,2,0,0,0,0,2,2,0,0,0,2,2,0,0,0,0,2,2,0,2,0,0,2,2,0,0,0,0,0,0,0,2,0,0,2,0,0,0,0
YL_70,1,0,0,0,0,0,0,0,0,0,0,0,0,0,0,0,0,0,0,0,0,0,0,0,0,0,0,0,0,0,0,0,0,0,0,0,0,0,0,0,0,0,0,0,0,0,0,0
YL_700,0,0,0,0,0,0,0,0,0,2,0,0,0,0,2,2,0,0,0,2,2,0,0,0,0,2,2,0,2,0,0,2,2,0,0,0,0,0,0,0,2,0,0,2,0,0,0,0
YL_701,0,0,0,0,0,0,0,0,0,2,0,0,0,0,2,2,0,0,0,2,2,0,0,0,0,2,2,0,2,0,2,2,2,0,0,0,0,0,0,0,2,0,0,2,0,0,0,0
YL_702,0,0,0,0,0,0,0,0,0,2,0,0,0,0,2,2,0,0,0,2,2,0,0,0,0,2,2,0,2,0,0,2,2,0,0,0,0,0,0,0,2,0,0,2,0,0,0,0
YL_703,0,0,0,0,0,0,0,0,0,2,0,0,0,0,2,2,0,0,0,2,2,0,0,0,0,2,2,0,2,0,1,2,2,0,0,0,0,0,0,0,2,0,0,2,0,0,0,0
YL_704,1,0,0,0,0,0,0,0,0,2,0,0,0,0,2,2,0,0,0,2,2,0,0,0,0,2,2,0,2,0,0,2,2,0,0,0,0,0,0,0,2,0,0,2,0,0,0,0
YL_706,0,2,2,1,0,0,0,0,0,2,0,0,0,0,2,2,0,0,0,2,2,0,2,0,0,2,2,0,2,0,0,2,2,0,0,0,0,0,0,0,2,0,0,2,0,0,0,0
YL_707,0,0,0,0,0,0,0,0,0,2,0,0,0,0,2,2,0,0,0,2,2,0,0,0,0,2,2,0,2,0,0,2,2,0,0,0,0,0,0,0,2,0,0,2,0,0,0,0
YL_709,0,2,2,0,0,0,0,0,0,0,0,0,0,0,0,0,0,0,0,0,0,0,0,0,0,0,0,0,0,0,0,0,0,0,0,0,0,0,0,0,0,0,0,0,0,0,0,0
YL_710,0,0,0,0,0,0,0,0,0,2,0,0,0,0,2,2,0,0,0,2,2,0,0,0,0,2,2,0,2,0,0,2,2,0,0,0,0,0,0,0,2,0,0,2,0,0,0,0
YL_711,0,0,0,0,0,0,0,0,0,2,0,0,0,0,2,2,0,0,0,2,2,0,0,0,0,2,2,0,2,0,0,2,2,0,0,0,0,0,0,0,2,0,0,2,0,0,0,0
YL_712,1,0,0,0,0,0,0,0,0,2,0,0,0,0,2,2,0,0,0,2,2,0,0,0,0,2,2,0,2,0,0,2,2,0,0,0,0,0,0,0,2,0,0,2,0,0,0,0
YL_713,0,0,0,0,0,0,0,0,0,2,0,0,0,0,2,2,0,0,0,2,2,0,0,0,0,2,2,0,2,0,0,2,2,0,0,0,0,0,0,0,2,0,0,2,0,0,0,0
YL_719,1,0,0,2,0,0,0,0,0,2,0,0,0,0,2,2,0,0,0,2,2,0,2,0,0,2,2,0,2,0,0,2,2,0,0,0,0,0,0,0,2,0,0,2,0,2,0,0
YL_72,1,0,0,0,0,0,0,0,0,0,0,0,0,0,0,0,0,0,0,0,0,0,0,0,0,0,0,0,0,0,0,0,0,0,0,0,0,0,0,0,0,0,0,0,0,0,0,0
YL_720,0,0,0,0,0,0,0,0,0,2,0,0,0,0,2,2,0,0,0,2,2,0,0,0,0,2,2,0,2,0,0,2,2,0,0,0,0,0,0,0,2,0,0,2,0,0,0,0
YL_732,0,NA,NA,0,0,0,0,0,0,0,0,0,0,0,0,0,0,0,0,0,0,0,0,0,0,0,0,0,0,0,0,0,0,0,0,0,0,0,0,0,0,0,0,0,0,0,0,0
YL_733,0,0,0,0,0,0,0,0,2,0,0,0,0,0,0,0,0,0,0,0,0,0,0,0,0,0,0,0,0,0,0,0,0,0,0,0,0,0,0,0,0,0,0,0,0,0,0,0
YL_734,0,0,0,0,0,0,0,0,0,2,0,0,0,0,2,2,0,0,0,2,2,0,0,0,0,2,2,0,2,0,0,2,2,0,0,0,0,0,0,0,2,0,0,2,0,0,0,0
YL_735,0,0,0,0,0,0,0,0,0,0,0,0,0,0,0,0,0,0,0,0,0,0,0,0,0,0,0,0,0,0,0,0,0,0,0,0,0,0,0,0,0,0,0,0,0,0,0,0
YL_737,0,0,0,0,0,0,0,0,0,0,0,0,0,0,0,0,0,0,0,0,0,0,0,0,2,0,0,0,0,0,0,0,0,0,0,0,0,0,0,0,0,0,0,0,0,0,0,0
YL_738,0,0,0,0,0,0,0,0,0,0,0,0,0,0,0,0,0,0,0,0,0,0,0,0,0,0,0,0,0,0,0,0,0,0,0,0,0,0,0,0,0,0,0,0,0,0,0,0
YL_739,0,0,0,0,0,0,0,0,0,0,0,0,0,0,0,0,0,0,0,0,0,0,0,0,0,0,0,0,0,0,0,0,0,0,0,0,0,0,0,0,0,0,0,0,0,0,0,0
YL_74,0,0,0,0,0,0,0,0,0,2,0,0,0,0,2,0,2,2,2,0,0,0,2,0,0,2,0,NA,NA,NA,0,2,2,2,NA,0,NA,NA,NA,NA,NA,NA,0,0,0,0,0,0
YL_740,0,0,0,0,0,0,0,0,0,0,0,0,0,0,0,0,0,0,0,0,0,0,0,0,0,0,0,0,0,0,0,0,0,0,0,0,0,0,0,0,0,0,0,0,0,0,0,0
YL_741,0,0,0,0,0,0,0,0,0,0,0,0,0,0,0,0,0,0,0,0,0,0,0,0,0,0,0,0,0,0,0,0,0,0,0,0,0,0,0,0,0,0,0,0,0,0,0,0
YL_743,0,0,0,0,0,0,0,0,0,0,0,0,0,0,0,0,0,0,0,0,0,0,0,0,0,0,0,0,0,0,0,0,0,0,0,0,0,0,0,0,0,0,0,0,0,0,0,0
YL_744,0,0,0,0,0,0,1,1,0,0,0,0,0,0,0,0,0,0,0,0,0,0,0,2,0,0,0,0,0,2,0,0,0,0,2,0,2,2,2,2,0,0,0,0,0,0,0,0
YL_746,0,NA,NA,0,0,0,0,0,0,2,0,0,0,0,2,2,0,0,0,2,2,0,0,0,0,2,2,0,2,0,0,2,2,0,0,0,0,0,0,0,2,0,0,2,0,0,0,0
YL_748,0,0,0,0,0,0,0,0,0,2,0,NA,0,0,2,2,0,0,0,2,2,0,0,0,0,2,2,0,2,0,NA,2,2,0,0,0,0,0,0,0,2,2,NA,2,0,0,0,0
YL_749,0,2,2,0,0,0,0,0,0,2,0,0,0,0,2,2,0,0,0,2,2,0,0,0,0,2,2,0,2,0,0,2,2,0,0,0,0,0,0,0,2,0,0,2,0,0,0,0
YL_75,1,0,0,0,0,0,0,0,0,0,0,0,0,0,0,0,0,0,0,0,0,0,0,0,0,0,0,0,0,0,0,0,0,0,0,0,0,0,0,0,0,0,0,0,0,0,0,0
YL_753,1,0,0,0,0,0,0,0,0,2,0,0,0,0,2,2,0,0,0,2,2,0,0,0,0,2,2,0,2,0,0,2,2,0,0,0,0,0,0,0,2,0,0,2,0,0,0,0
YL_793,1,1,1,0,0,0,0,0,0,0,0,0,0,0,0,0,0,0,0,0,0,0,0,0,0,0,0,0,0,0,0,0,0,0,0,0,0,0,0,0,0,0,0,0,0,0,0,0
YL_80,1,0,0,0,0,0,0,0,NA,0,0,0,0,0,0,0,0,0,0,0,0,0,0,NA,0,0,0,0,0,NA,0,0,0,0,NA,0,NA,NA,NA,NA,0,0,0,0,0,0,0,0
YL_81,0,0,0,0,0,0,0,0,0,0,0,0,0,0,0,0,0,0,0,0,0,0,0,0,0,0,0,0,0,0,0,0,0,0,0,0,0,0,0,0,0,0,0,0,0,0,0,0
YL_813,1,0,0,0,0,0,0,0,0,2,0,0,0,0,2,2,0,0,0,2,2,0,0,0,0,2,2,0,2,0,0,2,2,0,0,0,0,0,0,0,2,0,0,2,0,0,0,0
YL_814,1,0,0,0,0,0,0,0,0,2,0,0,0,0,2,2,0,0,0,2,2,0,0,0,0,2,2,0,2,0,0,2,2,0,0,0,0,0,0,0,2,0,0,2,0,2,0,0
YL_819,1,0,0,NA,0,0,0,0,0,2,0,0,0,0,2,2,0,0,0,2,2,0,0,0,0,2,2,0,2,0,0,2,2,0,0,0,0,0,0,0,2,0,0,2,0,0,0,0
YL_82,1,0,0,0,0,0,0,0,0,0,0,0,0,0,0,0,0,0,0,0,0,0,0,0,0,0,0,0,0,0,0,0,0,0,0,0,0,0,0,0,0,0,0,0,0,0,0,0
YL_821,1,0,0,0,0,0,0,0,NA,2,0,0,0,0,2,2,0,0,0,2,2,0,0,0,0,2,2,0,2,0,0,2,2,0,0,0,0,0,0,0,2,0,0,2,0,0,0,0
YL_823,1,2,2,0,0,0,0,0,0,2,0,0,0,0,2,2,0,0,0,2,2,0,0,0,0,2,2,0,2,0,0,2,2,0,0,0,0,0,0,0,2,0,0,2,0,0,0,0
YL_83,1,0,0,0,0,0,0,0,0,0,0,0,0,0,0,0,0,0,0,0,0,0,0,0,0,0,0,0,0,0,0,0,0,0,0,0,0,0,0,0,0,0,0,0,0,0,0,0
YL_836,0,0,0,0,0,0,0,0,0,2,0,0,0,0,2,2,0,0,0,2,2,0,0,0,0,2,2,0,2,0,0,2,2,0,0,0,0,0,0,0,2,0,0,2,0,0,0,0
YL_837,1,0,0,0,0,0,0,0,0,0,0,0,0,0,0,0,0,0,0,0,0,0,0,0,0,0,0,0,0,0,0,0,0,0,0,0,0,0,0,0,0,0,0,0,0,0,0,0
YL_838,1,0,0,0,0,0,0,0,0,0,0,0,0,0,0,0,0,0,0,0,0,0,0,0,0,0,0,0,0,0,0,0,0,0,0,0,0,0,0,0,0,0,0,0,0,0,NA,NA
YL_849,1,0,0,0,0,0,0,0,0,2,0,0,0,0,2,2,0,0,0,2,2,0,0,0,0,2,2,0,2,0,0,2,2,0,0,0,0,0,0,0,2,0,0,2,0,0,0,0
YL_85,1,0,0,0,0,0,0,0,0,2,0,0,0,0,2,2,0,0,0,2,2,0,0,0,0,2,2,0,2,0,0,2,2,0,0,0,0,0,0,0,2,0,0,2,0,0,0,0
YL_86,1,0,0,0,0,0,0,0,0,0,0,0,0,0,0,0,0,0,0,0,0,0,0,0,0,0,0,0,0,0,0,0,0,0,0,0,0,0,0,0,0,0,0,0,0,0,0,0
YL_862,1,0,0,0,0,0,0,0,0,0,0,0,0,0,0,0,0,0,0,0,0,0,0,0,0,0,0,0,0,0,0,0,0,0,0,0,0,0,0,0,0,0,0,0,0,0,0,0
YL_864,1,0,0,0,0,0,0,0,0,2,0,0,0,0,2,2,0,0,0,2,2,0,0,0,0,2,2,0,2,0,0,2,2,0,0,0,0,0,0,0,2,0,0,2,0,0,0,0
YL_865,0,0,0,0,0,0,0,0,0,0,2,0,2,0,0,2,0,0,0,0,2,0,0,0,0,2,2,NA,0,0,0,0,2,0,0,NA,0,0,0,0,0,0,0,0,2,NA,0,0
YL_866,0,0,0,0,0,0,0,0,0,0,2,0,2,0,0,0,2,2,2,0,0,0,0,0,0,0,0,NA,0,0,0,0,0,2,0,2,0,0,0,0,0,0,0,0,2,2,0,0
YL_868,1,0,0,0,0,0,0,0,0,2,2,0,NA,0,2,2,0,0,0,2,2,0,0,0,0,2,2,2,2,0,0,2,NA,0,0,2,0,0,0,0,2,0,0,NA,2,NA,0,0
YL_87,0,0,0,0,0,0,0,0,0,0,0,0,0,0,0,0,0,0,0,0,0,0,0,0,0,0,0,0,0,0,0,0,0,0,0,0,0,0,0,0,0,0,0,0,0,0,0,0
YL_871,1,0,0,0,0,0,0,0,0,0,NA,0,0,0,0,0,0,0,0,0,0,0,0,0,0,0,0,NA,0,0,0,0,0,0,0,NA,0,0,0,0,0,0,0,0,0,NA,0,0
YL_874,1,0,0,0,0,0,0,0,0,0,0,0,NA,0,0,0,0,0,0,0,0,0,0,0,0,0,0,0,0,0,0,0,0,0,0,0,0,0,0,0,0,0,0,0,1,2,0,0
YL_876,1,0,0,0,1,1,0,0,0,0,0,0,0,0,0,0,0,0,0,0,0,0,0,0,0,0,0,2,0,0,0,0,0,0,0,0,0,0,0,0,0,0,0,0,0,0,0,0
YL_877,0,0,0,0,0,0,0,0,1,0,0,0,1,0,0,0,0,0,0,0,0,0,0,0,NA,0,0,0,0,0,0,0,0,0,0,0,0,0,0,0,0,NA,0,0,1,1,0,0
YL_88,0,0,0,0,0,0,0,0,0,2,0,0,0,0,2,2,0,0,0,2,2,0,0,0,0,2,2,0,2,0,0,2,1,0,0,0,0,0,0,0,NA,0,0,1,0,0,0,0
YL_886,1,0,0,0,0,0,0,0,0,0,NA,0,0,0,0,0,2,2,2,0,0,0,0,0,0,0,0,1,0,0,0,0,0,2,0,NA,0,0,0,0,0,NA,0,0,0,NA,0,0
YL_887,1,0,0,0,0,0,0,0,0,0,NA,0,0,0,0,1,2,2,2,NA,NA,0,0,0,0,1,1,2,NA,0,0,NA,NA,2,0,NA,0,0,0,0,NA,0,0,NA,NA,1,0,0
YL_888,1,0,0,0,0,0,0,0,0,0,0,0,0,0,0,0,0,0,0,0,0,0,0,0,0,0,0,NA,0,0,0,0,0,0,0,0,0,0,0,0,0,0,0,0,0,0,0,0
YL_889,0,0,0,0,0,0,0,0,0,0,0,0,0,0,0,0,0,0,0,0,0,0,0,0,0,0,0,0,0,0,0,0,0,0,0,0,0,0,0,0,0,0,0,0,0,0,0,0
YL_89,1,0,0,0,0,0,0,0,0,0,0,0,0,0,0,0,0,0,0,0,0,0,0,0,0,0,0,0,0,0,0,0,0,0,0,0,0,0,0,0,0,0,0,0,0,0,0,0
YL_891,1,0,0,0,0,0,0,0,0,0,0,0,0,0,0,0,2,2,2,0,0,0,0,0,0,0,0,0,0,0,0,0,0,2,0,0,0,0,0,0,0,0,0,0,0,0,0,0
YL_892,0,0,0,0,0,0,0,0,0,0,0,0,0,0,0,0,0,0,0,0,0,0,0,0,0,0,0,2,0,0,0,0,0,0,0,0,0,0,0,0,0,0,0,0,0,0,0,0
YL_894,0,0,0,0,0,0,0,0,0,0,NA,0,NA,0,0,0,2,2,2,0,0,0,0,0,0,0,0,2,0,0,0,0,0,2,0,NA,0,0,0,0,0,0,0,0,NA,0,0,0
YL_895,0,0,0,0,0,0,0,0,0,0,0,0,0,0,0,0,0,0,0,0,0,0,0,0,0,0,0,2,0,0,0,0,0,0,0,0,0,0,0,0,0,0,0,0,0,0,0,0
YL_896,1,0,0,0,0,0,0,0,0,0,NA,0,0,0,0,1,1,1,1,NA,NA,0,0,0,0,1,NA,2,NA,0,0,NA,0,1,0,1,0,0,0,0,0,0,0,0,0,0,0,0
YL_897,0,0,0,0,0,0,0,0,0,0,NA,0,NA,0,0,0,2,2,2,0,0,0,0,0,0,0,0,NA,0,0,0,0,0,2,0,NA,0,0,0,0,0,0,0,0,2,NA,0,0
YL_90,1,0,0,0,0,0,0,0,0,2,0,NA,0,0,2,2,0,0,0,2,2,0,0,0,0,2,2,0,2,0,0,2,2,0,0,0,0,0,0,0,2,NA,NA,2,0,0,0,0
YL_903,1,0,0,0,0,0,0,0,0,0,0,0,0,0,0,0,0,0,0,0,0,0,0,0,0,0,0,2,0,0,0,0,0,0,0,0,0,0,0,0,0,0,0,0,0,0,0,0
YL_905,0,0,0,0,0,0,0,0,0,0,NA,0,NA,0,0,0,0,0,0,0,0,0,0,0,0,0,0,2,0,0,0,0,0,0,0,NA,0,0,0,0,0,0,0,0,1,NA,0,0
YL_906,0,0,0,0,0,0,0,0,NA,0,0,0,0,0,0,0,0,0,0,0,0,0,0,0,0,0,0,0,0,0,0,0,0,0,0,0,0,0,0,0,0,0,0,0,0,0,0,0
YL_91,1,0,0,0,0,0,0,0,0,2,0,0,0,0,2,2,0,0,0,2,2,0,0,0,0,2,2,0,2,0,0,2,2,0,0,0,0,0,0,0,2,0,0,2,0,0,0,0
YL_911,0,0,0,0,0,0,0,0,0,0,0,0,0,0,0,2,2,2,2,0,2,0,0,0,0,2,2,2,0,0,0,0,2,2,0,0,0,0,0,0,0,0,0,0,0,0,0,0
YL_912,0,0,0,0,0,0,0,0,0,0,0,0,0,0,0,0,1,1,1,0,0,0,0,0,0,0,0,NA,0,0,0,0,0,1,0,0,0,0,0,0,0,0,0,0,0,0,0,0
YL_913,1,0,0,0,0,0,0,0,0,0,0,0,0,0,0,0,0,0,0,0,0,0,0,0,0,0,0,0,0,0,0,0,0,0,0,0,0,0,0,0,0,0,0,0,0,NA,0,0
YL_914,1,0,0,0,0,0,0,0,0,0,0,0,0,0,0,0,0,0,0,0,0,0,0,0,0,0,0,0,0,0,0,0,0,0,0,0,0,0,0,0,0,0,0,0,0,0,0,0
YL_916,0,0,0,0,0,0,0,0,NA,0,0,0,0,0,0,0,0,0,0,0,0,0,0,0,2,0,0,0,0,0,0,0,0,0,0,0,0,0,0,0,0,0,0,0,0,0,0,0
YL_92,1,0,0,0,0,0,0,0,0,0,0,NA,0,0,0,0,0,0,0,0,0,2,0,0,0,0,0,0,0,0,0,0,0,0,0,0,0,0,0,0,0,2,NA,0,0,0,0,0
YL_923,1,0,0,0,0,0,0,0,0,0,0,0,0,0,0,0,0,0,0,0,0,0,0,0,0,0,0,0,0,NA,0,0,0,0,NA,0,NA,NA,NA,NA,0,0,0,0,0,NA,0,0
YL_93,1,NA,NA,0,0,0,0,0,0,0,0,0,0,0,0,0,0,0,0,0,0,0,0,0,0,0,0,0,0,0,0,0,0,0,0,0,0,0,0,0,0,0,0,0,0,0,0,0
YL_931,1,0,0,0,0,0,0,0,NA,0,0,0,0,0,0,0,0,0,0,0,0,0,0,0,0,0,0,0,0,0,0,0,0,0,0,0,0,0,0,0,0,0,0,0,0,0,0,0
YL_935,0,0,0,0,0,0,0,0,0,0,0,0,1,0,0,0,2,2,2,0,0,0,0,0,0,0,0,2,0,0,0,0,0,2,0,0,0,0,0,0,0,0,0,0,NA,0,0,0
YL_936,0,0,0,0,0,0,0,0,0,2,0,0,0,0,2,2,0,0,0,2,2,0,0,0,0,2,2,0,2,0,0,2,2,0,0,0,0,0,0,0,2,0,0,2,0,0,0,0
YL_94,1,0,0,0,0,0,0,0,0,0,0,0,0,0,0,0,0,0,0,0,0,0,0,0,0,0,0,0,0,0,0,0,0,0,0,0,0,0,0,0,0,0,0,0,0,0,0,0
YL_943,1,0,0,0,0,0,0,0,0,0,0,0,2,0,0,0,0,0,0,0,0,0,0,2,0,0,0,NA,0,2,0,0,0,0,2,0,2,2,2,2,0,0,0,0,NA,0,0,0
YL_945,1,0,0,0,0,0,0,0,0,0,0,0,0,0,0,0,2,2,2,0,0,0,0,0,0,0,0,2,0,0,0,0,0,2,0,0,0,0,0,0,0,0,0,0,0,0,0,0
YL_946,0,0,0,0,0,0,0,0,0,0,0,0,0,0,0,0,0,0,0,0,0,0,0,0,0,0,0,0,0,0,0,0,0,0,0,0,0,0,0,0,0,0,0,0,0,0,0,0
YL_947,0,0,0,0,0,0,0,0,NA,0,0,0,0,0,0,0,0,0,0,0,0,0,0,0,0,0,0,0,0,0,0,0,0,0,0,0,0,0,0,0,0,0,0,0,0,0,0,0
YL_95,1,0,0,0,NA,NA,0,0,0,0,0,0,0,0,0,0,0,0,0,0,0,0,0,0,0,0,0,0,0,0,0,0,0,0,0,0,0,0,0,0,0,0,0,0,0,0,0,0
YL_953,1,0,0,0,0,0,0,0,0,0,0,0,0,0,0,0,0,0,0,0,0,0,0,0,0,0,0,0,0,0,0,0,0,0,0,0,0,0,0,0,0,0,0,0,0,2,0,0
YL_96,0,0,0,0,0,0,0,0,NA,0,0,0,0,0,0,0,0,0,0,0,0,0,0,0,0,0,0,0,0,0,0,0,0,0,0,0,0,0,0,0,0,0,0,0,0,0,0,0
YL_965,0,0,0,0,0,0,0,0,0,0,2,0,0,0,0,0,0,0,0,0,0,0,0,0,0,0,0,NA,0,0,0,0,0,0,0,2,0,0,0,0,0,2,0,0,0,0,0,0
YL_967,0,0,0,0,0,0,0,0,0,0,0,0,0,0,0,0,0,0,0,0,0,0,0,0,0,0,0,0,0,0,0,0,0,0,0,0,0,0,0,0,0,0,0,0,0,0,0,0
YL_968,0,0,0,0,0,0,0,0,0,0,0,0,0,0,0,0,0,0,0,0,0,0,0,0,0,0,0,0,0,0,0,0,0,0,0,0,0,0,0,0,0,0,0,0,0,0,0,0
YL_969,0,0,0,0,0,0,0,0,0,0,2,0,2,0,0,0,0,0,0,0,0,0,0,0,0,0,0,NA,0,0,0,0,0,0,0,2,0,0,0,0,0,0,0,0,2,2,0,0
YL_97,0,0,0,0,0,0,0,0,0,2,0,0,0,0,2,2,0,0,0,2,2,0,0,0,0,2,2,0,2,0,0,2,2,0,0,0,0,0,0,0,2,0,0,2,0,0,0,0
YL_975,0,0,0,0,0,0,0,0,1,1,0,0,0,0,1,1,0,0,0,1,1,0,0,1,0,1,1,0,1,1,0,1,NA,0,1,0,1,1,1,1,NA,0,0,NA,0,0,0,0
YL_977,0,0,0,0,0,0,0,0,0,0,0,0,0,0,0,0,0,0,0,0,0,0,0,2,0,0,0,0,0,2,0,0,0,0,2,0,2,2,2,2,0,0,0,0,0,0,0,0
YL_978,0,0,0,0,0,0,0,0,0,0,0,0,0,0,0,0,0,0,0,0,0,0,0,0,0,0,0,0,0,0,0,0,0,0,0,0,0,0,0,0,0,0,0,0,0,0,0,0
YL_982,0,0,0,0,0,0,0,0,2,0,NA,0,NA,0,0,0,0,0,0,0,0,0,0,0,0,0,0,0,0,0,0,0,0,0,0,2,0,0,0,0,0,0,0,0,2,0,0,0
YL_983,0,0,0,0,0,0,0,0,0,0,1,0,0,0,0,0,0,0,0,0,0,0,0,0,0,0,0,NA,0,0,0,0,0,0,0,1,0,0,0,0,0,0,0,0,0,0,0,0
YL_986,0,0,0,0,0,0,0,0,0,2,0,0,0,0,2,2,0,0,0,2,2,0,0,0,0,2,2,0,2,0,0,2,2,0,0,0,0,0,0,0,2,0,0,2,0,0,0,0
YL_988,0,0,0,0,0,0,0,0,NA,0,0,0,0,0,0,0,0,0,0,0,0,0,0,0,NA,0,0,0,0,0,1,0,0,0,0,0,0,0,0,0,0,0,0,0,0,0,0,0
YL_989,0,0,0,0,0,0,1,1,0,2,0,0,0,0,2,2,0,0,0,2,2,0,0,2,0,2,2,0,2,2,0,2,2,0,2,0,2,2,2,2,2,0,0,2,0,0,0,0
YL_990,0,0,0,0,0,0,0,0,0,0,0,0,0,0,0,0,0,0,0,0,0,0,0,0,0,0,0,0,0,0,0,0,0,0,0,0,0,0,0,0,0,0,0,0,0,0,0,0
YL_991,0,0,0,0,0,0,0,0,0,0,0,0,0,0,0,0,0,0,0,0,0,0,0,0,0,0,0,0,0,0,0,0,0,0,0,0,0,0,0,0,0,0,0,0,0,0,0,0
YL_992,0,0,0,0,0,0,0,0,0,0,0,0,0,0,0,0,0,0,0,0,0,0,0,0,0,0,0,0,0,0,0,0,0,0,0,0,0,0,0,0,0,0,0,0,0,0,0,0
YL_995,0,0,0,0,NA,NA,0,0,0,0,0,0,0,0,0,0,0,0,0,0,0,0,0,0,0,0,0,0,0,0,0,0,0,0,0,0,0,0,0,0,0,0,0,0,0,0,0,0
